model,selection,cluster,representation,seed,fold,n_train_subjects,n_test_subjects,n_features,section_bal_acc,section_auc,section_acc,subject_bal_acc,subject_auc,subject_acc,n_splits
xgb,in_fold,young,sections,0,0,124,14,34,0.7819444444444444,0.7972222222222222,0.788235294117647,0.9,0.8444444444444444,0.9285714285714286,10
xgb,in_fold,young,sections,0,1,124,14,34,0.6194444444444445,0.6255555555555556,0.6352941176470588,0.7,0.6666666666666667,0.7857142857142857,10
xgb,in_fold,young,sections,0,2,124,14,34,0.7849999999999999,0.81625,0.7926829268292683,0.775,0.875,0.7857142857142857,10
xgb,in_fold,young,sections,0,3,124,14,34,0.618125,0.70875,0.6097560975609756,0.5,0.7,0.5,10
xgb,in_fold,young,sections,0,4,124,14,34,0.4625,0.69875,0.5365853658536586,0.4,0.7749999999999999,0.5714285714285714,10
xgb,in_fold,young,sections,0,5,124,14,34,0.575,0.6575000000000001,0.6463414634146342,0.525,0.675,0.6428571428571429,10
xgb,in_fold,young,sections,0,6,124,14,34,0.5431250000000001,0.643125,0.573170731707317,0.6,0.675,0.6428571428571429,10
xgb,in_fold,young,sections,0,7,124,14,34,0.5856250000000001,0.6225,0.5975609756097561,0.55,0.65,0.5714285714285714,10
xgb,in_fold,young,sections,0,8,125,13,34,0.7680555555555555,0.8034722222222223,0.7922077922077922,0.6944444444444444,0.8055555555555556,0.7692307692307693,10
xgb,in_fold,young,sections,0,9,125,13,34,0.4513888888888889,0.6305555555555555,0.5064935064935064,0.3888888888888889,0.6944444444444445,0.5384615384615384,10
xgb,in_fold,young,sections,1,0,124,14,34,0.6194444444444445,0.6166666666666667,0.6235294117647059,0.6333333333333333,0.6000000000000001,0.6428571428571429,10
xgb,in_fold,young,sections,1,1,124,14,34,0.5458333333333334,0.6783333333333333,0.5647058823529412,0.5444444444444444,0.6888888888888889,0.6428571428571429,10
xgb,in_fold,young,sections,1,2,124,14,34,0.71,0.8125,0.7560975609756098,0.575,0.925,0.7142857142857143,10
xgb,in_fold,young,sections,1,3,124,14,34,0.538125,0.6743750000000001,0.6219512195121951,0.45,0.725,0.6428571428571429,10
xgb,in_fold,young,sections,1,4,124,14,34,0.874375,0.95,0.8536585365853658,0.9,0.9500000000000001,0.8571428571428571,10
xgb,in_fold,young,sections,1,5,124,14,34,0.82375,0.8193750000000001,0.8536585365853658,0.875,0.85,0.9285714285714286,10
xgb,in_fold,young,sections,1,6,124,14,34,0.425625,0.594375,0.5121951219512195,0.4,0.6,0.5714285714285714,10
xgb,in_fold,young,sections,1,7,124,14,34,0.69,0.8112499999999999,0.7317073170731707,0.7,0.85,0.7857142857142857,10
xgb,in_fold,young,sections,1,8,125,13,34,0.7597222222222222,0.8416666666666667,0.7402597402597403,0.7777777777777778,1.0,0.6923076923076923,10
xgb,in_fold,young,sections,1,9,125,13,34,0.6479166666666667,0.5770833333333334,0.6623376623376623,0.6388888888888888,0.6388888888888891,0.6923076923076923,10
xgb,in_fold,young,sections,2,0,124,14,34,0.43333333333333335,0.3338888888888889,0.4470588235294118,0.3888888888888889,0.288888888888889,0.5,10
xgb,in_fold,young,sections,2,1,124,14,34,0.7,0.8938888888888888,0.7176470588235294,0.7,0.9555555555555556,0.7857142857142857,10
xgb,in_fold,young,sections,2,2,124,14,34,0.621875,0.7849999999999999,0.6829268292682927,0.625,0.75,0.7857142857142857,10
xgb,in_fold,young,sections,2,3,124,14,34,0.641875,0.704375,0.7073170731707317,0.75,0.7000000000000001,0.8571428571428571,10
xgb,in_fold,young,sections,2,4,124,14,34,0.8025,0.7987500000000001,0.8414634146341463,0.875,0.825,0.9285714285714286,10
xgb,in_fold,young,sections,2,5,124,14,34,0.87,0.90875,0.8414634146341463,0.85,0.9500000000000001,0.7857142857142857,10
xgb,in_fold,young,sections,2,6,124,14,34,0.6756249999999999,0.7525,0.7073170731707317,0.65,0.8,0.7142857142857143,10
xgb,in_fold,young,sections,2,7,124,14,34,0.6925,0.755625,0.7073170731707317,0.775,0.775,0.7857142857142857,10
xgb,in_fold,young,sections,2,8,125,13,34,0.5322916666666666,0.5506944444444444,0.5324675324675324,0.6527777777777778,0.5277777777777778,0.6153846153846154,10
xgb,in_fold,young,sections,2,9,125,13,34,0.6743055555555555,0.6895833333333334,0.7142857142857143,0.75,0.7777777777777778,0.8461538461538461,10
xgb,in_fold,young,sections,3,0,124,14,34,0.6361111111111111,0.6733333333333333,0.6470588235294118,0.5888888888888889,0.7333333333333334,0.6428571428571429,10
xgb,in_fold,young,sections,3,1,124,14,34,0.5888888888888889,0.7005555555555556,0.6,0.6888888888888889,0.6888888888888889,0.7142857142857143,10
xgb,in_fold,young,sections,3,2,124,14,34,0.531875,0.560625,0.573170731707317,0.475,0.6,0.5714285714285714,10
xgb,in_fold,young,sections,3,3,124,14,34,0.756875,0.88625,0.7926829268292683,0.875,0.9249999999999999,0.9285714285714286,10
xgb,in_fold,young,sections,3,4,124,14,34,0.6331249999999999,0.596875,0.6829268292682927,0.7,0.6000000000000001,0.7857142857142857,10
xgb,in_fold,young,sections,3,5,124,14,34,0.65,0.6987500000000001,0.6829268292682927,0.65,0.725,0.7142857142857143,10
xgb,in_fold,young,sections,3,6,124,14,34,0.479375,0.524375,0.5365853658536586,0.475,0.525,0.5714285714285714,10
xgb,in_fold,young,sections,3,7,124,14,34,0.714375,0.793125,0.7682926829268293,0.75,0.8,0.8571428571428571,10
xgb,in_fold,young,sections,3,8,125,13,34,0.759375,0.8180555555555556,0.7662337662337663,0.7638888888888888,0.8333333333333334,0.7692307692307693,10
xgb,in_fold,young,sections,3,9,125,13,34,0.7059027777777778,0.7868055555555555,0.7142857142857143,0.7083333333333333,0.8055555555555556,0.6923076923076923,10
xgb,in_fold,young,sections,4,0,124,14,34,0.6277777777777778,0.7627777777777778,0.6470588235294118,0.5444444444444444,0.8,0.6428571428571429,10
xgb,in_fold,young,sections,4,1,124,14,34,0.8791666666666667,0.9099999999999999,0.8823529411764706,0.9,0.8888888888888888,0.9285714285714286,10
xgb,in_fold,young,sections,4,2,124,14,34,0.366875,0.4425,0.4268292682926829,0.35,0.4,0.5,10
xgb,in_fold,young,sections,4,3,124,14,34,0.634375,0.65625,0.6707317073170732,0.525,0.6749999999999999,0.6428571428571429,10
xgb,in_fold,young,sections,4,4,124,14,34,0.7525,0.785,0.7804878048780488,0.875,0.85,0.9285714285714286,10
xgb,in_fold,young,sections,4,5,124,14,34,0.665625,0.788125,0.6951219512195121,0.65,0.825,0.7142857142857143,10
xgb,in_fold,young,sections,4,6,124,14,34,0.6912499999999999,0.7124999999999999,0.7195121951219512,0.775,0.7000000000000001,0.7857142857142857,10
xgb,in_fold,young,sections,4,7,124,14,34,0.7,0.7875,0.7439024390243902,0.7,0.8,0.7857142857142857,10
xgb,in_fold,young,sections,4,8,125,13,34,0.46944444444444444,0.40902777777777777,0.5064935064935064,0.5138888888888888,0.36111111111111116,0.6153846153846154,10
xgb,in_fold,young,sections,4,9,125,13,34,0.7059027777777778,0.7590277777777777,0.7142857142857143,0.7638888888888888,0.7777777777777779,0.7692307692307693,10
xgb,in_fold,older,sections,0,0,56,7,34,0.7104166666666667,0.7854166666666667,0.7021276595744681,0.7083333333333333,0.8333333333333334,0.7142857142857143,10
xgb,in_fold,older,sections,0,1,56,7,34,0.3416666666666667,0.3145833333333333,0.3409090909090909,0.41666666666666663,0.25,0.42857142857142855,10
xgb,in_fold,older,sections,0,2,56,7,34,0.5875,0.49999999999999994,0.5909090909090909,0.5833333333333333,0.5,0.5714285714285714,10
xgb,in_fold,older,sections,0,3,57,6,34,0.2583333333333333,0.11666666666666668,0.2564102564102564,0.16666666666666666,0.11111111111111112,0.16666666666666666,10
xgb,in_fold,older,sections,0,4,57,6,34,0.5916666666666667,0.625,0.5897435897435898,0.6666666666666666,0.6666666666666667,0.6666666666666666,10
xgb,in_fold,older,sections,0,5,57,6,34,0.2708333333333333,0.04999999999999999,0.3333333333333333,0.3333333333333333,0.0,0.3333333333333333,10
xgb,in_fold,older,sections,0,6,57,6,34,0.6791666666666667,0.6499999999999999,0.6666666666666666,0.6666666666666666,0.6666666666666666,0.6666666666666666,10
xgb,in_fold,older,sections,0,7,57,6,34,0.3333333333333333,0.325,0.2564102564102564,0.3333333333333333,0.33333333333333337,0.3333333333333333,10
xgb,in_fold,older,sections,0,8,57,6,34,0.5958333333333333,0.6694444444444445,0.6410256410256411,0.5,0.6666666666666667,0.5,10
xgb,in_fold,older,sections,0,9,57,6,34,0.8333333333333333,0.913888888888889,0.8717948717948718,0.8333333333333333,1.0,0.8333333333333334,10
xgb,in_fold,older,sections,1,0,56,7,34,0.3125,0.22083333333333335,0.425531914893617,0.375,0.16666666666666669,0.42857142857142855,10
xgb,in_fold,older,sections,1,1,56,7,34,0.475,0.6125,0.4772727272727273,0.5833333333333333,0.5833333333333333,0.5714285714285714,10
xgb,in_fold,older,sections,1,2,56,7,34,0.6458333333333333,0.48541666666666666,0.6363636363636364,0.5416666666666666,0.5,0.5714285714285714,10
xgb,in_fold,older,sections,1,3,57,6,34,0.42916666666666664,0.3611111111111111,0.5128205128205128,0.3333333333333333,0.22222222222222224,0.3333333333333333,10
xgb,in_fold,older,sections,1,4,57,6,34,0.32916666666666666,0.3777777777777777,0.358974358974359,0.16666666666666666,0.22222222222222224,0.16666666666666666,10
xgb,in_fold,older,sections,1,5,57,6,34,0.3333333333333333,0.3527777777777778,0.3333333333333333,0.5,0.33333333333333337,0.5,10
xgb,in_fold,older,sections,1,6,57,6,34,0.3333333333333333,0.2972222222222222,0.41025641025641024,0.3333333333333333,0.22222222222222224,0.3333333333333333,10
xgb,in_fold,older,sections,1,7,57,6,34,0.5666666666666667,0.6444444444444444,0.5897435897435898,0.6666666666666666,0.6666666666666667,0.6666666666666666,10
xgb,in_fold,older,sections,1,8,57,6,34,0.5208333333333333,0.6416666666666666,0.48717948717948717,0.5,0.6666666666666667,0.5,10
xgb,in_fold,older,sections,1,9,57,6,34,0.6333333333333333,0.5916666666666667,0.5641025641025641,0.6666666666666666,0.5555555555555556,0.6666666666666666,10
xgb,in_fold,older,sections,2,0,56,7,34,0.5572916666666666,0.6208333333333333,0.6382978723404256,0.5416666666666666,0.6666666666666666,0.5714285714285714,10
xgb,in_fold,older,sections,2,1,56,7,34,0.6708333333333334,0.8083333333333333,0.6818181818181818,0.5833333333333333,0.8333333333333333,0.5714285714285714,10
xgb,in_fold,older,sections,2,2,56,7,34,0.4375,0.26041666666666663,0.4090909090909091,0.375,0.25,0.42857142857142855,10
xgb,in_fold,older,sections,2,3,57,6,34,0.6,0.6277777777777778,0.5384615384615384,0.5,0.7777777777777779,0.5,10
xgb,in_fold,older,sections,2,4,57,6,34,0.7208333333333333,0.7361111111111112,0.717948717948718,0.6666666666666666,0.888888888888889,0.6666666666666666,10
xgb,in_fold,older,sections,2,5,57,6,34,0.35416666666666663,0.47500000000000003,0.28205128205128205,0.3333333333333333,0.22222222222222224,0.3333333333333333,10
xgb,in_fold,older,sections,2,6,57,6,34,0.29583333333333334,0.4,0.3333333333333333,0.16666666666666666,0.3333333333333333,0.16666666666666666,10
xgb,in_fold,older,sections,2,7,57,6,34,0.8,0.85,0.7692307692307693,0.8333333333333333,1.0,0.8333333333333334,10
xgb,in_fold,older,sections,2,8,57,6,34,0.375,0.41944444444444445,0.38461538461538464,0.3333333333333333,0.3333333333333333,0.3333333333333333,10
xgb,in_fold,older,sections,2,9,57,6,34,0.24166666666666667,0.13055555555555556,0.28205128205128205,0.3333333333333333,0.0,0.3333333333333333,10
xgb,in_fold,older,sections,3,0,56,7,34,0.6302083333333333,0.54375,0.6170212765957447,0.5833333333333333,0.5,0.5714285714285714,10
xgb,in_fold,older,sections,3,1,56,7,34,0.425,0.4104166666666667,0.4318181818181818,0.29166666666666663,0.3333333333333333,0.2857142857142857,10
xgb,in_fold,older,sections,3,2,56,7,34,0.6458333333333333,0.6062500000000001,0.6363636363636364,0.7083333333333333,0.5833333333333333,0.7142857142857143,10
xgb,in_fold,older,sections,3,3,57,6,34,0.5333333333333333,0.46111111111111114,0.48717948717948717,0.6666666666666666,0.5555555555555556,0.6666666666666666,10
xgb,in_fold,older,sections,3,4,57,6,34,0.5,0.6305555555555555,0.5384615384615384,0.5,0.6666666666666667,0.5,10
xgb,in_fold,older,sections,3,5,57,6,34,0.6125,0.8833333333333333,0.6923076923076923,0.6666666666666666,1.0,0.6666666666666666,10
xgb,in_fold,older,sections,3,6,57,6,34,0.3625,0.3055555555555555,0.38461538461538464,0.3333333333333333,0.22222222222222224,0.3333333333333333,10
xgb,in_fold,older,sections,3,7,57,6,34,0.275,0.13333333333333333,0.3076923076923077,0.3333333333333333,0.11111111111111112,0.3333333333333333,10
xgb,in_fold,older,sections,3,8,57,6,34,0.5333333333333333,0.7277777777777777,0.6410256410256411,0.5,0.7777777777777779,0.5,10
xgb,in_fold,older,sections,3,9,57,6,34,0.3958333333333333,0.3055555555555556,0.3333333333333333,0.3333333333333333,0.22222222222222224,0.3333333333333333,10
xgb,in_fold,older,sections,4,0,56,7,34,0.43229166666666663,0.5104166666666666,0.46808510638297873,0.41666666666666663,0.41666666666666663,0.42857142857142855,10
xgb,in_fold,older,sections,4,1,56,7,34,0.675,0.6708333333333334,0.6818181818181818,0.5833333333333333,0.75,0.5714285714285714,10
xgb,in_fold,older,sections,4,2,56,7,34,0.75,0.6708333333333334,0.7727272727272727,0.75,0.5,0.7142857142857143,10
xgb,in_fold,older,sections,4,3,57,6,34,0.20833333333333334,0.10555555555555557,0.2564102564102564,0.16666666666666666,0.0,0.16666666666666666,10
xgb,in_fold,older,sections,4,4,57,6,34,0.5958333333333333,0.5916666666666666,0.6410256410256411,0.6666666666666666,0.6666666666666667,0.6666666666666666,10
xgb,in_fold,older,sections,4,5,57,6,34,0.7,0.7027777777777777,0.6923076923076923,0.6666666666666666,0.6666666666666667,0.6666666666666666,10
xgb,in_fold,older,sections,4,6,57,6,34,0.5875,0.6944444444444444,0.6153846153846154,0.6666666666666666,0.7777777777777779,0.6666666666666666,10
xgb,in_fold,older,sections,4,7,57,6,34,0.7291666666666666,0.9027777777777778,0.6666666666666666,0.6666666666666666,1.0,0.6666666666666666,10
xgb,in_fold,older,sections,4,8,57,6,34,0.5875,0.5416666666666667,0.5384615384615384,0.6666666666666666,0.4444444444444444,0.6666666666666666,10
xgb,in_fold,older,sections,4,9,57,6,34,0.45,0.36944444444444446,0.46153846153846156,0.3333333333333333,0.33333333333333337,0.3333333333333333,10
