model,selection,representation,seed,fold,n_train_subjects,n_test_subjects,n_features,section_bal_acc,section_auc,section_acc,subject_bal_acc,subject_auc,subject_acc,n_subjects
logreg,none,sections,0,0,117,14,855,0.5125,0.6894444444444444,0.5176470588235295,0.4777777777777778,0.6444444444444445,0.5,131
logreg,none,sections,0,1,118,13,855,0.68125,0.732638888888889,0.7012987012987013,0.6944444444444444,0.7222222222222223,0.7692307692307693,131
logreg,none,sections,0,2,118,13,855,0.7548611111111111,0.8909722222222222,0.7662337662337663,0.875,0.9166666666666667,0.9230769230769231,131
logreg,none,sections,0,3,118,13,855,0.6788194444444444,0.7493055555555556,0.7142857142857143,0.6944444444444444,0.7777777777777778,0.7692307692307693,131
logreg,none,sections,0,4,118,13,855,0.7256944444444444,0.8354166666666667,0.7532467532467533,0.6944444444444444,0.8888888888888888,0.7692307692307693,131
logreg,none,sections,0,5,118,13,855,0.5315972222222223,0.6270833333333333,0.5844155844155844,0.5694444444444444,0.6944444444444444,0.6923076923076923,131
logreg,none,sections,0,6,118,13,855,0.7211805555555555,0.6791666666666668,0.7532467532467533,0.6944444444444444,0.6666666666666667,0.7692307692307693,131
logreg,none,sections,0,7,118,13,855,0.5604166666666667,0.5777777777777778,0.6233766233766234,0.625,0.638888888888889,0.7692307692307693,131
logreg,none,sections,0,8,118,13,855,0.6951388888888889,0.8194444444444444,0.6753246753246753,0.7083333333333333,0.8333333333333334,0.6923076923076923,131
logreg,none,sections,0,9,118,13,855,0.7572916666666667,0.8166666666666667,0.7532467532467533,0.7083333333333333,0.8611111111111112,0.6923076923076923,131
logreg,none,sections,1,0,117,14,855,0.6152777777777778,0.7372222222222222,0.6352941176470588,0.5444444444444444,0.8222222222222222,0.6428571428571429,131
logreg,none,sections,1,1,118,13,855,0.5763888888888888,0.726388888888889,0.6103896103896104,0.6388888888888888,0.6944444444444444,0.6923076923076923,131
logreg,none,sections,1,2,118,13,855,0.7034722222222223,0.8340277777777778,0.7272727272727273,0.6944444444444444,0.8333333333333335,0.7692307692307693,131
logreg,none,sections,1,3,118,13,855,0.7236111111111111,0.7548611111111111,0.7402597402597403,0.6388888888888888,0.7222222222222222,0.6923076923076923,131
logreg,none,sections,1,4,118,13,855,0.5541666666666667,0.6277777777777778,0.5844155844155844,0.6388888888888888,0.6666666666666667,0.6923076923076923,131
logreg,none,sections,1,5,118,13,855,0.7100694444444444,0.7069444444444444,0.7402597402597403,0.6944444444444444,0.7222222222222223,0.7692307692307693,131
logreg,none,sections,1,6,118,13,855,0.8888888888888888,1.0,0.8701298701298701,0.8888888888888888,1.0,0.8461538461538461,131
logreg,none,sections,1,7,118,13,855,0.70625,0.6930555555555555,0.6883116883116883,0.7083333333333333,0.7500000000000001,0.6923076923076923,131
logreg,none,sections,1,8,118,13,855,0.6767361111111111,0.7875,0.7012987012987013,0.6944444444444444,0.8333333333333334,0.7692307692307693,131
logreg,none,sections,1,9,118,13,855,0.5295138888888888,0.7048611111111112,0.5714285714285714,0.5138888888888888,0.7777777777777779,0.6153846153846154,131
logreg,none,sections,2,0,117,14,855,0.5791666666666666,0.5683333333333334,0.5764705882352941,0.6333333333333333,0.5555555555555556,0.6428571428571429,131
logreg,none,sections,2,1,118,13,855,0.5697916666666667,0.6930555555555555,0.5974025974025974,0.6388888888888888,0.6666666666666666,0.6923076923076923,131
logreg,none,sections,2,2,118,13,855,0.8375,0.9166666666666665,0.8311688311688312,0.8888888888888888,0.8888888888888888,0.8461538461538461,131
logreg,none,sections,2,3,118,13,855,0.6190972222222222,0.651388888888889,0.6233766233766234,0.7083333333333333,0.638888888888889,0.6923076923076923,131
logreg,none,sections,2,4,118,13,855,0.6256944444444444,0.6986111111111111,0.6363636363636364,0.5833333333333333,0.7222222222222223,0.6153846153846154,131
logreg,none,sections,2,5,118,13,855,0.5361111111111111,0.6222222222222222,0.5844155844155844,0.5138888888888888,0.6388888888888888,0.6153846153846154,131
logreg,none,sections,2,6,118,13,855,0.7413194444444444,0.8277777777777777,0.7662337662337663,0.6944444444444444,0.888888888888889,0.7692307692307693,131
logreg,none,sections,2,7,118,13,855,0.5295138888888888,0.6125,0.5714285714285714,0.5138888888888888,0.5833333333333333,0.6153846153846154,131
logreg,none,sections,2,8,118,13,855,0.6947916666666667,0.8131944444444444,0.7012987012987013,0.7638888888888888,0.8611111111111112,0.7692307692307693,131
logreg,none,sections,2,9,118,13,855,0.7881944444444444,0.8944444444444444,0.8051948051948052,0.875,0.9166666666666667,0.9230769230769231,131
logreg,none,sections,3,0,117,14,855,0.49722222222222223,0.5538888888888889,0.5058823529411764,0.4777777777777778,0.5111111111111111,0.5,131
logreg,none,sections,3,1,118,13,855,0.8572916666666667,0.9666666666666667,0.8701298701298701,0.9444444444444444,0.9722222222222222,0.9230769230769231,131
logreg,none,sections,3,2,118,13,855,0.6923611111111111,0.7847222222222222,0.7142857142857143,0.7638888888888888,0.7777777777777778,0.7692307692307693,131
logreg,none,sections,3,3,118,13,855,0.6878472222222223,0.7708333333333334,0.7142857142857143,0.75,0.8055555555555556,0.8461538461538461,131
logreg,none,sections,3,4,118,13,855,0.7059027777777778,0.7881944444444444,0.7142857142857143,0.7638888888888888,0.8055555555555556,0.7692307692307693,131
logreg,none,sections,3,5,118,13,855,0.5760416666666667,0.53125,0.6363636363636364,0.625,0.6111111111111112,0.7692307692307693,131
logreg,none,sections,3,6,118,13,855,0.7680555555555555,0.9020833333333333,0.7922077922077922,0.8194444444444444,0.9166666666666667,0.8461538461538461,131
logreg,none,sections,3,7,118,13,855,0.49409722222222224,0.6986111111111111,0.5194805194805194,0.4583333333333333,0.7222222222222222,0.5384615384615384,131
logreg,none,sections,3,8,118,13,855,0.6680555555555556,0.8215277777777776,0.6753246753246753,0.5833333333333333,0.8055555555555556,0.6153846153846154,131
logreg,none,sections,3,9,118,13,855,0.5809027777777778,0.6583333333333333,0.6103896103896104,0.6388888888888888,0.6388888888888888,0.6923076923076923,131
logreg,none,sections,4,0,117,14,855,0.5736111111111111,0.6111111111111112,0.5764705882352941,0.6333333333333333,0.6444444444444445,0.6428571428571429,131
logreg,none,sections,4,1,118,13,855,0.6145833333333333,0.7104166666666667,0.6233766233766234,0.7083333333333333,0.7222222222222223,0.6923076923076923,131
logreg,none,sections,4,2,118,13,855,0.8260416666666667,0.90625,0.8441558441558441,0.8194444444444444,0.9444444444444444,0.8461538461538461,131
logreg,none,sections,4,3,118,13,855,0.5385416666666667,0.6916666666666667,0.5714285714285714,0.4583333333333333,0.7222222222222223,0.5384615384615384,131
logreg,none,sections,4,4,118,13,855,0.5611111111111111,0.7180555555555556,0.5714285714285714,0.5833333333333333,0.75,0.6153846153846154,131
logreg,none,sections,4,5,118,13,855,0.6878472222222223,0.675,0.7142857142857143,0.6944444444444444,0.6666666666666667,0.7692307692307693,131
logreg,none,sections,4,6,118,13,855,0.48715277777777777,0.6333333333333333,0.5324675324675324,0.5138888888888888,0.638888888888889,0.6153846153846154,131
logreg,none,sections,4,7,118,13,855,0.7100694444444444,0.7555555555555555,0.7402597402597403,0.8194444444444444,0.7777777777777779,0.8461538461538461,131
logreg,none,sections,4,8,118,13,855,0.5118055555555556,0.5479166666666666,0.5454545454545454,0.5694444444444444,0.5833333333333333,0.6923076923076923,131
logreg,none,sections,4,9,118,13,855,0.7635416666666667,0.85625,0.7922077922077922,0.875,0.8888888888888888,0.9230769230769231,131
