model,selection,representation,seed,fold,n_train_subjects,n_test_subjects,n_features,section_bal_acc,section_auc,section_acc,subject_bal_acc,subject_auc,subject_acc
logreg,pooled,sections,0,0,180,21,34,0.7599759615384616,0.8420673076923076,0.7596899224806202,0.8605769230769231,0.8846153846153846,0.8571428571428571
logreg,pooled,sections,0,1,181,20,34,0.7463541666666667,0.8117187499999999,0.7419354838709677,0.7708333333333333,0.8541666666666666,0.8
logreg,pooled,sections,0,2,181,20,34,0.578125,0.7044270833333334,0.5725806451612904,0.4583333333333333,0.7291666666666667,0.5
logreg,pooled,sections,0,3,181,20,34,0.7851648351648352,0.8524725274725276,0.7851239669421488,0.7417582417582418,0.8791208791208791,0.75
logreg,pooled,sections,0,4,181,20,34,0.6740384615384616,0.743956043956044,0.6776859504132231,0.6703296703296704,0.7582417582417582,0.7
logreg,pooled,sections,0,5,181,20,34,0.7112637362637362,0.767032967032967,0.71900826446281,0.7087912087912087,0.7802197802197802,0.75
logreg,pooled,sections,0,6,181,20,34,0.6611263736263736,0.7587912087912088,0.6611570247933884,0.7747252747252746,0.7692307692307693,0.75
logreg,pooled,sections,0,7,181,20,34,0.5616758241758242,0.6181318681318682,0.5702479338842975,0.45054945054945056,0.6153846153846154,0.5
logreg,pooled,sections,0,8,181,20,34,0.6804945054945055,0.6637362637362637,0.6859504132231405,0.521978021978022,0.6483516483516484,0.55
logreg,pooled,sections,0,9,181,20,34,0.7519230769230769,0.7906593406593406,0.7520661157024794,0.7417582417582418,0.8021978021978022,0.75
logreg,pooled,sections,1,0,180,21,34,0.6356971153846154,0.7165865384615385,0.6356589147286822,0.6201923076923077,0.7596153846153846,0.6190476190476191
logreg,pooled,sections,1,1,181,20,34,0.5942708333333333,0.6020833333333334,0.5887096774193549,0.625,0.6145833333333334,0.65
logreg,pooled,sections,1,2,181,20,34,0.7953125,0.8833333333333333,0.7983870967741935,0.875,0.8958333333333333,0.85
logreg,pooled,sections,1,3,181,20,34,0.7876373626373626,0.8120879120879121,0.7851239669421488,0.8516483516483516,0.8241758241758241,0.85
logreg,pooled,sections,1,4,181,20,34,0.6373626373626373,0.6818681318681319,0.6528925619834711,0.6373626373626373,0.6813186813186812,0.7
logreg,pooled,sections,1,5,181,20,34,0.6559065934065934,0.7357142857142858,0.6528925619834711,0.7362637362637363,0.7252747252747253,0.7
logreg,pooled,sections,1,6,181,20,34,0.6743131868131869,0.7521978021978022,0.6859504132231405,0.7087912087912087,0.7692307692307693,0.75
logreg,pooled,sections,1,7,181,20,34,0.7876373626373626,0.8508241758241758,0.7851239669421488,0.8131868131868132,0.8791208791208791,0.8
logreg,pooled,sections,1,8,181,20,34,0.6293956043956044,0.7321428571428571,0.6363636363636364,0.6318681318681318,0.7362637362637363,0.65
logreg,pooled,sections,1,9,181,20,34,0.6804945054945055,0.6662087912087913,0.6859504132231405,0.6703296703296704,0.6703296703296704,0.7
logreg,pooled,sections,2,0,180,21,34,0.5972355769230769,0.5802884615384615,0.5968992248062015,0.5432692307692308,0.6057692307692308,0.5238095238095238
logreg,pooled,sections,2,1,181,20,34,0.7734375,0.7638020833333333,0.7741935483870968,0.8125,0.78125,0.8
logreg,pooled,sections,2,2,181,20,34,0.5859375,0.5869791666666667,0.5806451612903226,0.5625,0.5625,0.6
logreg,pooled,sections,2,3,181,20,34,0.7392857142857143,0.8560439560439559,0.743801652892562,0.7802197802197802,0.8901098901098901,0.8
logreg,pooled,sections,2,4,181,20,34,0.6906593406593406,0.6357142857142857,0.6942148760330579,0.7802197802197802,0.6483516483516483,0.8
logreg,pooled,sections,2,5,181,20,34,0.5604395604395604,0.5895604395604396,0.5702479338842975,0.5604395604395604,0.6153846153846154,0.6
logreg,pooled,sections,2,6,181,20,34,0.6958791208791208,0.7456043956043956,0.7024793388429752,0.7087912087912087,0.7692307692307692,0.75
logreg,pooled,sections,2,7,181,20,34,0.704532967032967,0.7857142857142857,0.7024793388429752,0.7747252747252746,0.8241758241758242,0.75
logreg,pooled,sections,2,8,181,20,34,0.7479395604395604,0.846978021978022,0.743801652892562,0.7032967032967032,0.8681318681318682,0.7
logreg,pooled,sections,2,9,181,20,34,0.6641483516483516,0.7815934065934066,0.6776859504132231,0.6373626373626373,0.8131868131868132,0.7
logreg,pooled,sections,3,0,180,21,34,0.6191105769230769,0.665625,0.6201550387596899,0.6346153846153846,0.6730769230769231,0.6666666666666666
logreg,pooled,sections,3,1,181,20,34,0.8494791666666667,0.9091145833333333,0.8467741935483871,0.8958333333333333,0.9375,0.9
logreg,pooled,sections,3,2,181,20,34,0.6130208333333333,0.6968749999999999,0.6129032258064516,0.6666666666666667,0.6875,0.65
logreg,pooled,sections,3,3,181,20,34,0.6192307692307693,0.634065934065934,0.628099173553719,0.7087912087912087,0.6593406593406593,0.75
logreg,pooled,sections,3,4,181,20,34,0.810989010989011,0.8052197802197802,0.8181818181818182,0.7472527472527473,0.8351648351648351,0.8
logreg,pooled,sections,3,5,181,20,34,0.7300824175824177,0.7994505494505495,0.7272727272727273,0.7417582417582418,0.8021978021978022,0.75
logreg,pooled,sections,3,6,181,20,34,0.6770604395604396,0.6741758241758242,0.6942148760330579,0.6758241758241759,0.7032967032967032,0.75
logreg,pooled,sections,3,7,181,20,34,0.5826923076923077,0.6417582417582417,0.5702479338842975,0.6208791208791209,0.6153846153846154,0.55
logreg,pooled,sections,3,8,181,20,34,0.6752747252747253,0.8013736263736263,0.6776859504132231,0.8131868131868132,0.8571428571428572,0.8
logreg,pooled,sections,3,9,181,20,34,0.6201923076923077,0.6719780219780219,0.6198347107438017,0.6648351648351649,0.6923076923076923,0.65
logreg,pooled,sections,4,0,180,21,34,0.5176682692307693,0.6288461538461538,0.5193798449612403,0.5480769230769231,0.6153846153846154,0.6190476190476191
logreg,pooled,sections,4,1,181,20,34,0.8177083333333333,0.87109375,0.8145161290322581,0.8333333333333333,0.8854166666666666,0.85
logreg,pooled,sections,4,2,181,20,34,0.559375,0.5627604166666667,0.5564516129032258,0.5208333333333333,0.5625,0.55
logreg,pooled,sections,4,3,181,20,34,0.520467032967033,0.5461538461538461,0.5206611570247934,0.554945054945055,0.5384615384615384,0.55
logreg,pooled,sections,4,4,181,20,34,0.781456043956044,0.8967032967032966,0.7851239669421488,0.7472527472527473,0.9120879120879121,0.8
logreg,pooled,sections,4,5,181,20,34,0.6792582417582418,0.7571428571428571,0.6859504132231405,0.7087912087912087,0.7802197802197802,0.75
logreg,pooled,sections,4,6,181,20,34,0.6770604395604396,0.8002747252747253,0.6942148760330579,0.6758241758241759,0.8461538461538463,0.75
logreg,pooled,sections,4,7,181,20,34,0.698076923076923,0.7395604395604396,0.6942148760330579,0.7362637362637363,0.7472527472527473,0.7
logreg,pooled,sections,4,8,181,20,34,0.6546703296703297,0.6884615384615385,0.6528925619834711,0.6648351648351649,0.7032967032967034,0.65
logreg,pooled,sections,4,9,181,20,34,0.717445054945055,0.7582417582417582,0.71900826446281,0.8131868131868132,0.7802197802197801,0.8
rf,pooled,sections,0,0,180,21,34,0.6265625,0.7876201923076923,0.627906976744186,0.6105769230769231,0.8173076923076923,0.6666666666666666
rf,pooled,sections,0,1,181,20,34,0.6598958333333333,0.7805989583333334,0.6532258064516129,0.6458333333333333,0.8541666666666666,0.7
rf,pooled,sections,0,2,181,20,34,0.6567708333333333,0.80234375,0.6532258064516129,0.6875,0.8020833333333334,0.7
rf,pooled,sections,0,3,181,20,34,0.7725274725274726,0.8608516483516483,0.7768595041322314,0.7802197802197802,0.8681318681318682,0.8
rf,pooled,sections,0,4,181,20,34,0.7494505494505495,0.854532967032967,0.7520661157024794,0.7802197802197802,0.8901098901098901,0.8
rf,pooled,sections,0,5,181,20,34,0.6626373626373626,0.6859890109890111,0.6694214876033058,0.6703296703296704,0.6923076923076923,0.7
rf,pooled,sections,0,6,181,20,34,0.7266483516483516,0.8063186813186813,0.7355371900826446,0.7472527472527473,0.8681318681318682,0.8
rf,pooled,sections,0,7,181,20,34,0.5909340659340659,0.5980769230769231,0.5950413223140496,0.554945054945055,0.6263736263736264,0.55
rf,pooled,sections,0,8,181,20,34,0.7293956043956045,0.8320054945054945,0.743801652892562,0.7857142857142857,0.8901098901098902,0.85
rf,pooled,sections,0,9,181,20,34,0.8067307692307693,0.8552197802197802,0.8016528925619835,0.8461538461538461,0.8681318681318682,0.8
rf,pooled,sections,1,0,180,21,34,0.6588942307692307,0.8021634615384615,0.6589147286821705,0.6971153846153846,0.8461538461538463,0.7142857142857143
rf,pooled,sections,1,1,181,20,34,0.61875,0.567578125,0.6129032258064516,0.7083333333333333,0.6041666666666666,0.75
rf,pooled,sections,1,2,181,20,34,0.6979166666666667,0.8158854166666667,0.6935483870967742,0.7708333333333333,0.8750000000000001,0.8
rf,pooled,sections,1,3,181,20,34,0.8134615384615385,0.8548076923076924,0.8181818181818182,0.8186813186813187,0.8681318681318682,0.85
rf,pooled,sections,1,4,181,20,34,0.6653846153846155,0.8081043956043956,0.6776859504132231,0.7087912087912087,0.8241758241758242,0.75
rf,pooled,sections,1,5,181,20,34,0.6971153846153846,0.8082417582417583,0.7024793388429752,0.6703296703296704,0.8571428571428572,0.7
rf,pooled,sections,1,6,181,20,34,0.5736263736263736,0.6770604395604396,0.5950413223140496,0.6428571428571428,0.7362637362637363,0.75
rf,pooled,sections,1,7,181,20,34,0.787912087912088,0.8770604395604396,0.7933884297520661,0.7802197802197802,0.901098901098901,0.8
rf,pooled,sections,1,8,181,20,34,0.7876373626373626,0.8495879120879121,0.7851239669421488,0.9230769230769231,0.9010989010989011,0.9
rf,pooled,sections,1,9,181,20,34,0.5767857142857142,0.6601648351648352,0.5785123966942148,0.5934065934065934,0.6703296703296704,0.6
rf,pooled,sections,2,0,180,21,34,0.5414663461538461,0.6158653846153846,0.5426356589147286,0.6346153846153846,0.6442307692307692,0.6666666666666666
rf,pooled,sections,2,1,181,20,34,0.6473958333333334,0.6959635416666667,0.6451612903225806,0.625,0.7083333333333333,0.65
rf,pooled,sections,2,2,181,20,34,0.6114583333333333,0.63515625,0.6129032258064516,0.6666666666666667,0.625,0.65
rf,pooled,sections,2,3,181,20,34,0.7561813186813187,0.905357142857143,0.768595041322314,0.7142857142857143,0.956043956043956,0.8
rf,pooled,sections,2,4,181,20,34,0.7802197802197802,0.8179945054945055,0.7851239669421488,0.8901098901098901,0.8681318681318682,0.9
rf,pooled,sections,2,5,181,20,34,0.551510989010989,0.6802197802197802,0.5619834710743802,0.6318681318681318,0.7142857142857143,0.65
rf,pooled,sections,2,6,181,20,34,0.6718406593406594,0.6883241758241758,0.6859504132231405,0.7472527472527473,0.6813186813186812,0.8
rf,pooled,sections,2,7,181,20,34,0.7405219780219781,0.845054945054945,0.743801652892562,0.7417582417582418,0.8351648351648351,0.75
rf,pooled,sections,2,8,181,20,34,0.6767857142857143,0.8460164835164835,0.6859504132231405,0.7087912087912087,0.8571428571428571,0.75
rf,pooled,sections,2,9,181,20,34,0.7881868131868132,0.904945054945055,0.8016528925619835,0.7857142857142857,0.945054945054945,0.85
rf,pooled,sections,3,0,180,21,34,0.5094951923076922,0.6140625,0.5116279069767442,0.5096153846153846,0.6442307692307693,0.5714285714285714
rf,pooled,sections,3,1,181,20,34,0.7067708333333333,0.7355468750000002,0.7016129032258065,0.7708333333333333,0.75,0.8
rf,pooled,sections,3,2,181,20,34,0.6833333333333333,0.8169270833333333,0.6774193548387096,0.6666666666666667,0.8437499999999999,0.7
rf,pooled,sections,3,3,181,20,34,0.6693681318681319,0.7043956043956044,0.6859504132231405,0.7472527472527473,0.7032967032967032,0.8
rf,pooled,sections,3,4,181,20,34,0.762087912087912,0.8821428571428571,0.7603305785123967,0.7417582417582418,0.8791208791208791,0.75
rf,pooled,sections,3,5,181,20,34,0.6906593406593406,0.7769230769230769,0.6942148760330579,0.7802197802197802,0.8241758241758241,0.8
rf,pooled,sections,3,6,181,20,34,0.6971153846153846,0.7490384615384615,0.7024793388429752,0.7087912087912087,0.7582417582417582,0.75
rf,pooled,sections,3,7,181,20,34,0.6657967032967034,0.7583791208791208,0.6528925619834711,0.6978021978021978,0.7802197802197802,0.65
rf,pooled,sections,3,8,181,20,34,0.7217032967032967,0.8664835164835164,0.7355371900826446,0.7472527472527473,0.8901098901098901,0.8
rf,pooled,sections,3,9,181,20,34,0.6921703296703297,0.7679945054945054,0.7024793388429752,0.7087912087912087,0.7912087912087913,0.75
rf,pooled,sections,4,0,180,21,34,0.6805288461538461,0.715625,0.6821705426356589,0.6490384615384616,0.7403846153846154,0.7142857142857143
rf,pooled,sections,4,1,181,20,34,0.7557291666666667,0.8272135416666667,0.75,0.8125,0.8333333333333333,0.85
rf,pooled,sections,4,2,181,20,34,0.6479166666666667,0.6591145833333333,0.6451612903225806,0.6875,0.65625,0.7
rf,pooled,sections,4,3,181,20,34,0.5835164835164836,0.6239010989010989,0.5950413223140496,0.5989010989010989,0.6373626373626373,0.65
rf,pooled,sections,4,4,181,20,34,0.7968406593406594,0.9049450549450548,0.8016528925619835,0.8186813186813187,0.9560439560439561,0.85
rf,pooled,sections,4,5,181,20,34,0.6561813186813187,0.7173076923076923,0.6611570247933884,0.7417582417582418,0.7472527472527473,0.75
rf,pooled,sections,4,6,181,20,34,0.7075549450549451,0.8274725274725274,0.71900826446281,0.7472527472527473,0.8461538461538461,0.8
rf,pooled,sections,4,7,181,20,34,0.7300824175824177,0.8097527472527473,0.7272727272727273,0.7747252747252746,0.8241758241758241,0.75
rf,pooled,sections,4,8,181,20,34,0.7482142857142857,0.8321428571428572,0.7520661157024794,0.8516483516483516,0.8241758241758241,0.85
rf,pooled,sections,4,9,181,20,34,0.5912087912087912,0.6855769230769231,0.6033057851239669,0.489010989010989,0.6813186813186813,0.55
svm_rbf,pooled,sections,0,0,180,21,34,0.8141826923076922,0.9036057692307692,0.813953488372093,0.8605769230769231,0.9423076923076923,0.8571428571428571
svm_rbf,pooled,sections,0,1,181,20,34,0.6604166666666667,0.77734375,0.6532258064516129,0.7083333333333333,0.8333333333333335,0.75
svm_rbf,pooled,sections,0,2,181,20,34,0.68125,0.7763020833333333,0.6774193548387096,0.7291666666666667,0.8229166666666666,0.75
svm_rbf,pooled,sections,0,3,181,20,34,0.7826923076923077,0.8497252747252747,0.7851239669421488,0.7802197802197802,0.8571428571428572,0.8
svm_rbf,pooled,sections,0,4,181,20,34,0.7913461538461539,0.8752747252747253,0.7851239669421488,0.8131868131868132,0.9340659340659341,0.8
svm_rbf,pooled,sections,0,5,181,20,34,0.723901098901099,0.7112637362637362,0.7272727272727273,0.7417582417582418,0.7032967032967032,0.75
svm_rbf,pooled,sections,0,6,181,20,34,0.7125,0.8087912087912087,0.71900826446281,0.8131868131868132,0.8681318681318682,0.8
svm_rbf,pooled,sections,0,7,181,20,34,0.521978021978022,0.5901098901098901,0.5289256198347108,0.521978021978022,0.5824175824175823,0.55
svm_rbf,pooled,sections,0,8,181,20,34,0.6752747252747253,0.7612637362637362,0.6776859504132231,0.7032967032967032,0.8131868131868132,0.7
svm_rbf,pooled,sections,0,9,181,20,34,0.7581043956043956,0.8453296703296702,0.7520661157024794,0.7747252747252746,0.8571428571428572,0.75
svm_rbf,pooled,sections,1,0,180,21,34,0.6674278846153846,0.7629807692307692,0.6666666666666666,0.6826923076923077,0.7884615384615384,0.6666666666666666
svm_rbf,pooled,sections,1,1,181,20,34,0.6234375,0.5976562499999999,0.6209677419354839,0.6875,0.6145833333333334,0.7
svm_rbf,pooled,sections,1,2,181,20,34,0.8130208333333333,0.890625,0.8145161290322581,0.8541666666666667,0.90625,0.85
svm_rbf,pooled,sections,1,3,181,20,34,0.8258241758241758,0.9002747252747253,0.8181818181818182,0.8846153846153846,0.9450549450549451,0.85
svm_rbf,pooled,sections,1,4,181,20,34,0.6487637362637363,0.779945054945055,0.6611570247933884,0.7802197802197802,0.7912087912087913,0.8
svm_rbf,pooled,sections,1,5,181,20,34,0.6293956043956044,0.7032967032967032,0.6363636363636364,0.6318681318681318,0.7252747252747253,0.65
svm_rbf,pooled,sections,1,6,181,20,34,0.656456043956044,0.731043956043956,0.6694214876033058,0.6373626373626373,0.7692307692307692,0.7
svm_rbf,pooled,sections,1,7,181,20,34,0.7712912087912087,0.8288461538461538,0.7768595041322314,0.8901098901098901,0.8681318681318682,0.9
svm_rbf,pooled,sections,1,8,181,20,34,0.6993131868131868,0.7851648351648352,0.6942148760330579,0.7747252747252746,0.7912087912087912,0.75
svm_rbf,pooled,sections,1,9,181,20,34,0.6943681318681318,0.7376373626373627,0.6942148760330579,0.5934065934065934,0.7582417582417582,0.6
svm_rbf,pooled,sections,2,0,180,21,34,0.635576923076923,0.6973557692307693,0.6356589147286822,0.6826923076923077,0.75,0.6666666666666666
svm_rbf,pooled,sections,2,1,181,20,34,0.73125,0.7179687499999999,0.7338709677419355,0.7708333333333333,0.7083333333333334,0.75
svm_rbf,pooled,sections,2,2,181,20,34,0.684375,0.7210937500000001,0.6854838709677419,0.7916666666666667,0.7604166666666667,0.8
svm_rbf,pooled,sections,2,3,181,20,34,0.8199175824175824,0.9233516483516483,0.8264462809917356,0.8571428571428572,0.956043956043956,0.9
svm_rbf,pooled,sections,2,4,181,20,34,0.762087912087912,0.8392857142857143,0.7603305785123967,0.7747252747252746,0.8791208791208791,0.75
svm_rbf,pooled,sections,2,5,181,20,34,0.6703296703296704,0.7241758241758242,0.6776859504132231,0.6703296703296704,0.7582417582417582,0.7
svm_rbf,pooled,sections,2,6,181,20,34,0.5782967032967032,0.6208791208791209,0.5867768595041323,0.5989010989010989,0.6373626373626373,0.65
svm_rbf,pooled,sections,2,7,181,20,34,0.6712912087912088,0.7563186813186813,0.6694214876033058,0.7032967032967032,0.7912087912087913,0.7
svm_rbf,pooled,sections,2,8,181,20,34,0.7811813186813187,0.8818681318681318,0.7768595041322314,0.8131868131868132,0.9010989010989012,0.8
svm_rbf,pooled,sections,2,9,181,20,34,0.7420329670329671,0.8203296703296703,0.7520661157024794,0.7472527472527473,0.8461538461538461,0.8
svm_rbf,pooled,sections,3,0,180,21,34,0.6740384615384616,0.6875,0.6744186046511628,0.6586538461538461,0.7019230769230771,0.6666666666666666
svm_rbf,pooled,sections,3,1,181,20,34,0.7427083333333333,0.7940104166666666,0.7419354838709677,0.75,0.8125,0.75
svm_rbf,pooled,sections,3,2,181,20,34,0.6786458333333334,0.7890625,0.6774193548387096,0.75,0.7916666666666666,0.75
svm_rbf,pooled,sections,3,3,181,20,34,0.6552197802197802,0.7137362637362638,0.6694214876033058,0.7087912087912087,0.7252747252747253,0.75
svm_rbf,pooled,sections,3,4,181,20,34,0.773489010989011,0.8862637362637362,0.768595041322314,0.7747252747252746,0.9010989010989011,0.75
svm_rbf,pooled,sections,3,5,181,20,34,0.7196428571428571,0.7832417582417582,0.7107438016528925,0.8461538461538461,0.8351648351648352,0.8
svm_rbf,pooled,sections,3,6,181,20,34,0.6792582417582418,0.678021978021978,0.6859504132231405,0.6318681318681318,0.7032967032967032,0.65
svm_rbf,pooled,sections,3,7,181,20,34,0.6245879120879121,0.7579670329670329,0.6033057851239669,0.6923076923076923,0.7802197802197802,0.6
svm_rbf,pooled,sections,3,8,181,20,34,0.7956043956043957,0.8648351648351649,0.8016528925619835,0.8901098901098901,0.9120879120879121,0.9
svm_rbf,pooled,sections,3,9,181,20,34,0.6589285714285715,0.7412087912087912,0.6694214876033058,0.6703296703296704,0.7582417582417582,0.7
svm_rbf,pooled,sections,4,0,180,21,34,0.5411057692307693,0.607451923076923,0.5426356589147286,0.5336538461538461,0.6153846153846154,0.5714285714285714
svm_rbf,pooled,sections,4,1,181,20,34,0.6651041666666666,0.72109375,0.6612903225806451,0.625,0.7291666666666667,0.65
svm_rbf,pooled,sections,4,2,181,20,34,0.6005208333333334,0.6268229166666667,0.6048387096774194,0.625,0.6354166666666667,0.6
svm_rbf,pooled,sections,4,3,181,20,34,0.5782967032967032,0.5961538461538461,0.5867768595041323,0.5989010989010989,0.6043956043956044,0.65
svm_rbf,pooled,sections,4,4,181,20,34,0.7802197802197802,0.9071428571428571,0.7851239669421488,0.8901098901098901,0.967032967032967,0.9
svm_rbf,pooled,sections,4,5,181,20,34,0.6445054945054945,0.7233516483516483,0.6446280991735537,0.5934065934065934,0.7252747252747253,0.6
svm_rbf,pooled,sections,4,6,181,20,34,0.8467032967032967,0.8673076923076922,0.8512396694214877,0.7802197802197802,0.8791208791208791,0.8
svm_rbf,pooled,sections,4,7,181,20,34,0.771978021978022,0.8673076923076922,0.7603305785123967,0.8461538461538461,0.8681318681318682,0.8
svm_rbf,pooled,sections,4,8,181,20,34,0.8017857142857143,0.8483516483516483,0.8016528925619835,0.8516483516483516,0.8461538461538461,0.85
svm_rbf,pooled,sections,4,9,181,20,34,0.6956043956043956,0.7708791208791209,0.6942148760330579,0.7362637362637363,0.8021978021978022,0.7
mlp,pooled,sections,0,0,180,21,34,0.7986778846153846,0.8774038461538461,0.7984496124031008,0.7596153846153846,0.903846153846154,0.7619047619047619
mlp,pooled,sections,0,1,181,20,34,0.6276041666666667,0.7036458333333333,0.6209677419354839,0.6458333333333333,0.71875,0.7
mlp,pooled,sections,0,2,181,20,34,0.6505208333333333,0.6890625,0.6451612903225806,0.6666666666666667,0.6770833333333334,0.7
mlp,pooled,sections,0,3,181,20,34,0.7457417582417583,0.8453296703296704,0.7520661157024794,0.7087912087912087,0.8351648351648351,0.75
mlp,pooled,sections,0,4,181,20,34,0.7288461538461539,0.7999999999999999,0.7272727272727273,0.7802197802197802,0.8351648351648351,0.8
mlp,pooled,sections,0,5,181,20,34,0.7318681318681319,0.7260989010989011,0.743801652892562,0.7087912087912087,0.7692307692307693,0.75
mlp,pooled,sections,0,6,181,20,34,0.6780219780219781,0.8030219780219781,0.6859504132231405,0.6703296703296704,0.8791208791208791,0.7
mlp,pooled,sections,0,7,181,20,34,0.585989010989011,0.6109890109890109,0.5950413223140496,0.5604395604395604,0.6373626373626373,0.6
mlp,pooled,sections,0,8,181,20,34,0.6103021978021979,0.6445054945054944,0.6198347107438017,0.5934065934065934,0.6703296703296703,0.6
mlp,pooled,sections,0,9,181,20,34,0.7072802197802197,0.8052197802197802,0.7107438016528925,0.8131868131868132,0.8131868131868132,0.8
mlp,pooled,sections,1,0,180,21,34,0.7671875,0.7536057692307693,0.7674418604651163,0.7596153846153846,0.7692307692307693,0.7619047619047619
mlp,pooled,sections,1,1,181,20,34,0.6171875,0.6145833333333334,0.6129032258064516,0.7291666666666667,0.625,0.75
mlp,pooled,sections,1,2,181,20,34,0.8302083333333333,0.8684895833333333,0.8306451612903226,0.8958333333333333,0.90625,0.9
mlp,pooled,sections,1,3,181,20,34,0.8017857142857143,0.8898351648351648,0.8016528925619835,0.8516483516483516,0.9120879120879121,0.85
mlp,pooled,sections,1,4,181,20,34,0.6413461538461538,0.7000000000000001,0.6611570247933884,0.6043956043956045,0.7142857142857144,0.7
mlp,pooled,sections,1,5,181,20,34,0.614010989010989,0.692032967032967,0.6198347107438017,0.6318681318681318,0.6813186813186813,0.65
mlp,pooled,sections,1,6,181,20,34,0.6105769230769231,0.6846153846153846,0.628099173553719,0.6373626373626373,0.7252747252747254,0.7
mlp,pooled,sections,1,7,181,20,34,0.7087912087912087,0.7953296703296703,0.71900826446281,0.6373626373626373,0.8791208791208791,0.7
mlp,pooled,sections,1,8,181,20,34,0.7112637362637362,0.7901098901098901,0.71900826446281,0.7087912087912087,0.8571428571428571,0.75
mlp,pooled,sections,1,9,181,20,34,0.6346153846153846,0.657967032967033,0.6446280991735537,0.7087912087912087,0.7142857142857143,0.75
mlp,pooled,sections,2,0,180,21,34,0.6347355769230769,0.6622596153846155,0.6356589147286822,0.6346153846153846,0.7019230769230769,0.6666666666666666
mlp,pooled,sections,2,1,181,20,34,0.7723958333333334,0.7343749999999999,0.7741935483870968,0.8125,0.71875,0.8
mlp,pooled,sections,2,2,181,20,34,0.7151041666666667,0.7911458333333334,0.7096774193548387,0.75,0.7291666666666666,0.8
mlp,pooled,sections,2,3,181,20,34,0.7675824175824176,0.8532967032967034,0.7768595041322314,0.7472527472527473,0.8901098901098901,0.8
mlp,pooled,sections,2,4,181,20,34,0.710989010989011,0.7953296703296703,0.7107438016528925,0.7032967032967032,0.8021978021978022,0.7
mlp,pooled,sections,2,5,181,20,34,0.6896978021978022,0.6706043956043956,0.7024793388429752,0.7087912087912087,0.7142857142857143,0.75
mlp,pooled,sections,2,6,181,20,34,0.6182692307692308,0.5854395604395605,0.6363636363636364,0.6373626373626373,0.6263736263736264,0.7
mlp,pooled,sections,2,7,181,20,34,0.7543956043956044,0.7884615384615384,0.7520661157024794,0.8131868131868132,0.8131868131868132,0.8
mlp,pooled,sections,2,8,181,20,34,0.7032967032967032,0.8098901098901099,0.7024793388429752,0.7032967032967032,0.8241758241758241,0.7
mlp,pooled,sections,2,9,181,20,34,0.5927197802197802,0.6991758241758241,0.6115702479338843,0.6043956043956045,0.6703296703296703,0.7
mlp,pooled,sections,3,0,180,21,34,0.6266826923076922,0.6632211538461539,0.627906976744186,0.6346153846153846,0.701923076923077,0.6666666666666666
mlp,pooled,sections,3,1,181,20,34,0.7052083333333333,0.8145833333333333,0.7016129032258065,0.6666666666666667,0.8020833333333334,0.7
mlp,pooled,sections,3,2,181,20,34,0.6796875,0.7697916666666667,0.6774193548387096,0.7083333333333333,0.8125,0.7
mlp,pooled,sections,3,3,181,20,34,0.6718406593406594,0.6953296703296703,0.6859504132231405,0.6758241758241759,0.6813186813186813,0.75
mlp,pooled,sections,3,4,181,20,34,0.8199175824175824,0.9046703296703297,0.8264462809917356,0.8901098901098901,0.956043956043956,0.9
mlp,pooled,sections,3,5,181,20,34,0.7186813186813187,0.7271978021978023,0.71900826446281,0.7747252747252746,0.7912087912087913,0.75
mlp,pooled,sections,3,6,181,20,34,0.6795329670329671,0.5958791208791209,0.6942148760330579,0.7142857142857143,0.6043956043956044,0.8
mlp,pooled,sections,3,7,181,20,34,0.6802197802197802,0.8291208791208791,0.6776859504132231,0.7417582417582418,0.8461538461538461,0.75
mlp,pooled,sections,3,8,181,20,34,0.787912087912088,0.7975274725274725,0.7933884297520661,0.8186813186813187,0.8461538461538461,0.85
mlp,pooled,sections,3,9,181,20,34,0.5567307692307693,0.6967032967032967,0.5702479338842975,0.5989010989010989,0.6813186813186813,0.65
mlp,pooled,sections,4,0,180,21,34,0.5480769230769231,0.5980769230769232,0.5503875968992248,0.5240384615384616,0.6057692307692307,0.6190476190476191
mlp,pooled,sections,4,1,181,20,34,0.6432291666666667,0.6645833333333333,0.6370967741935484,0.6041666666666667,0.7291666666666667,0.65
mlp,pooled,sections,4,2,181,20,34,0.6010416666666667,0.6359375,0.5967741935483871,0.625,0.6041666666666667,0.65
mlp,pooled,sections,4,3,181,20,34,0.5118131868131868,0.5362637362637362,0.5206611570247934,0.5604395604395604,0.5274725274725274,0.6
mlp,pooled,sections,4,4,181,20,34,0.7918956043956045,0.8804945054945055,0.8016528925619835,0.8186813186813187,0.901098901098901,0.85
mlp,pooled,sections,4,5,181,20,34,0.648489010989011,0.7184065934065934,0.6528925619834711,0.6703296703296704,0.7252747252747253,0.7
mlp,pooled,sections,4,6,181,20,34,0.7506868131868132,0.8211538461538462,0.7520661157024794,0.7417582417582418,0.8681318681318682,0.75
mlp,pooled,sections,4,7,181,20,34,0.8744505494505495,0.8804945054945055,0.8677685950413223,0.9230769230769231,0.8791208791208791,0.9
mlp,pooled,sections,4,8,181,20,34,0.7097527472527472,0.7711538461538462,0.7107438016528925,0.7417582417582418,0.8131868131868132,0.75
mlp,pooled,sections,4,9,181,20,34,0.6266483516483516,0.6601648351648352,0.628099173553719,0.5934065934065934,0.7142857142857143,0.6
xgb,pooled,sections,0,0,180,21,34,0.6735576923076922,0.7745192307692308,0.6744186046511628,0.7355769230769231,0.7980769230769231,0.7619047619047619
xgb,pooled,sections,0,1,181,20,34,0.6291666666666667,0.7307291666666667,0.6209677419354839,0.6458333333333333,0.75,0.7
xgb,pooled,sections,0,2,181,20,34,0.6026041666666666,0.7536458333333333,0.5967741935483871,0.5625,0.7708333333333334,0.6
xgb,pooled,sections,0,3,181,20,34,0.7137362637362638,0.8310439560439561,0.71900826446281,0.6703296703296704,0.8461538461538461,0.7
xgb,pooled,sections,0,4,181,20,34,0.7445054945054945,0.8005494505494505,0.7520661157024794,0.6758241758241759,0.7802197802197802,0.75
xgb,pooled,sections,0,5,181,20,34,0.7100274725274726,0.7153846153846154,0.71900826446281,0.7087912087912087,0.7252747252747253,0.75
xgb,pooled,sections,0,6,181,20,34,0.6155219780219781,0.6912087912087912,0.628099173553719,0.6758241758241759,0.7142857142857142,0.75
xgb,pooled,sections,0,7,181,20,34,0.6115384615384616,0.5576923076923077,0.6198347107438017,0.6703296703296704,0.5604395604395604,0.7
xgb,pooled,sections,0,8,181,20,34,0.7177197802197802,0.8387362637362638,0.7272727272727273,0.7472527472527473,0.8681318681318682,0.8
xgb,pooled,sections,0,9,181,20,34,0.699587912087912,0.8046703296703297,0.7024793388429752,0.7417582417582418,0.8021978021978021,0.75
xgb,pooled,sections,1,0,180,21,34,0.7211538461538461,0.8067307692307691,0.7209302325581395,0.7836538461538461,0.8557692307692308,0.7619047619047619
xgb,pooled,sections,1,1,181,20,34,0.603125,0.5895833333333332,0.5967741935483871,0.7083333333333333,0.5937500000000001,0.75
xgb,pooled,sections,1,2,181,20,34,0.6791666666666667,0.6898437500000001,0.6774193548387096,0.7291666666666667,0.7291666666666667,0.75
xgb,pooled,sections,1,3,181,20,34,0.7725274725274726,0.8535714285714285,0.7768595041322314,0.8186813186813187,0.9010989010989011,0.85
xgb,pooled,sections,1,4,181,20,34,0.6410714285714286,0.7332417582417582,0.6528925619834711,0.5989010989010989,0.7362637362637363,0.65
xgb,pooled,sections,1,5,181,20,34,0.6817307692307693,0.8293956043956043,0.6859504132231405,0.6703296703296704,0.8571428571428572,0.7
xgb,pooled,sections,1,6,181,20,34,0.5825549450549451,0.6513736263736264,0.6033057851239669,0.5659340659340659,0.6703296703296703,0.65
xgb,pooled,sections,1,7,181,20,34,0.839010989010989,0.8271978021978021,0.8429752066115702,0.8901098901098901,0.8241758241758241,0.9
xgb,pooled,sections,1,8,181,20,34,0.739010989010989,0.7807692307692308,0.7355371900826446,0.7032967032967032,0.8351648351648352,0.7
xgb,pooled,sections,1,9,181,20,34,0.6561813186813187,0.6604395604395604,0.6611570247933884,0.5934065934065934,0.6923076923076923,0.6
xgb,pooled,sections,2,0,180,21,34,0.5413461538461539,0.6401442307692307,0.5426356589147286,0.6346153846153846,0.6634615384615384,0.6666666666666666
xgb,pooled,sections,2,1,181,20,34,0.7026041666666667,0.6838541666666667,0.7016129032258065,0.6875,0.7187500000000001,0.7
xgb,pooled,sections,2,2,181,20,34,0.6135416666666667,0.6390625,0.6129032258064516,0.6458333333333333,0.65625,0.65
xgb,pooled,sections,2,3,181,20,34,0.7675824175824176,0.8626373626373627,0.7768595041322314,0.7142857142857143,0.923076923076923,0.8
xgb,pooled,sections,2,4,181,20,34,0.7571428571428571,0.7662087912087912,0.7603305785123967,0.8516483516483516,0.8241758241758241,0.85
xgb,pooled,sections,2,5,181,20,34,0.5758241758241758,0.6607142857142857,0.5867768595041323,0.5274725274725275,0.7252747252747254,0.6
xgb,pooled,sections,2,6,181,20,34,0.637087912087912,0.6417582417582418,0.6446280991735537,0.6703296703296704,0.6263736263736264,0.7
xgb,pooled,sections,2,7,181,20,34,0.7968406593406594,0.846978021978022,0.8016528925619835,0.8901098901098901,0.8571428571428571,0.9
xgb,pooled,sections,2,8,181,20,34,0.6946428571428571,0.8208791208791208,0.7024793388429752,0.6703296703296704,0.8351648351648352,0.7
xgb,pooled,sections,2,9,181,20,34,0.7537087912087912,0.8206043956043957,0.768595041322314,0.7857142857142857,0.8901098901098901,0.85
xgb,pooled,sections,3,0,180,21,34,0.5331730769230769,0.5603365384615385,0.5348837209302325,0.5096153846153846,0.5865384615384616,0.5714285714285714
xgb,pooled,sections,3,1,181,20,34,0.6895833333333333,0.7690104166666667,0.6854838709677419,0.7291666666666667,0.7916666666666667,0.75
xgb,pooled,sections,3,2,181,20,34,0.5942708333333333,0.6546875,0.5887096774193549,0.6041666666666667,0.6354166666666666,0.65
xgb,pooled,sections,3,3,181,20,34,0.6462912087912088,0.682967032967033,0.6611570247933884,0.7472527472527473,0.7032967032967032,0.8
xgb,pooled,sections,3,4,181,20,34,0.7826923076923077,0.878021978021978,0.7851239669421488,0.8516483516483516,0.9010989010989011,0.85
xgb,pooled,sections,3,5,181,20,34,0.6611263736263736,0.6862637362637363,0.6611570247933884,0.6318681318681318,0.7472527472527473,0.65
xgb,pooled,sections,3,6,181,20,34,0.725412087912088,0.743956043956044,0.7355371900826446,0.7472527472527473,0.7802197802197802,0.8
xgb,pooled,sections,3,7,181,20,34,0.6990384615384615,0.7302197802197802,0.6859504132231405,0.6593406593406593,0.7692307692307692,0.6
xgb,pooled,sections,3,8,181,20,34,0.7164835164835165,0.8626373626373627,0.7272727272727273,0.7472527472527473,0.9120879120879121,0.8
xgb,pooled,sections,3,9,181,20,34,0.6358516483516483,0.7186813186813187,0.6446280991735537,0.6703296703296704,0.7362637362637362,0.7
xgb,pooled,sections,4,0,180,21,34,0.6725961538461538,0.7704326923076923,0.6744186046511628,0.6490384615384616,0.8173076923076923,0.7142857142857143
xgb,pooled,sections,4,1,181,20,34,0.7625,0.8140625,0.7580645161290323,0.7708333333333333,0.8645833333333333,0.8
xgb,pooled,sections,4,2,181,20,34,0.6453125,0.6591145833333334,0.6451612903225806,0.6875,0.6979166666666666,0.7
xgb,pooled,sections,4,3,181,20,34,0.5425824175824175,0.5054945054945055,0.5537190082644629,0.5604395604395604,0.5164835164835164,0.6
xgb,pooled,sections,4,4,181,20,34,0.7660714285714285,0.8733516483516484,0.768595041322314,0.8131868131868132,0.868131868131868,0.8
xgb,pooled,sections,4,5,181,20,34,0.6589285714285715,0.7395604395604396,0.6694214876033058,0.7087912087912087,0.7472527472527473,0.75
xgb,pooled,sections,4,6,181,20,34,0.6832417582417583,0.8321428571428572,0.6942148760330579,0.7087912087912087,0.8571428571428572,0.75
xgb,pooled,sections,4,7,181,20,34,0.7032967032967032,0.7670329670329671,0.7024793388429752,0.7747252747252746,0.7912087912087913,0.75
xgb,pooled,sections,4,8,181,20,34,0.717445054945055,0.7483516483516484,0.71900826446281,0.7802197802197802,0.7472527472527473,0.8
xgb,pooled,sections,4,9,181,20,34,0.6229395604395604,0.6587912087912088,0.628099173553719,0.6318681318681318,0.6703296703296703,0.65
logreg,pooled,long,0,0,180,21,34,0.8221153846153846,0.8557692307692308,0.8095238095238095,0.8221153846153846,0.8557692307692308,0.8095238095238095
logreg,pooled,long,0,1,181,20,34,0.7708333333333333,0.8437499999999999,0.8,0.7708333333333333,0.8437499999999999,0.8
logreg,pooled,long,0,2,181,20,34,0.5625,0.7604166666666667,0.6,0.5625,0.7604166666666667,0.6
logreg,pooled,long,0,3,181,20,34,0.7802197802197802,0.8681318681318682,0.8,0.7802197802197802,0.8681318681318682,0.8
logreg,pooled,long,0,4,181,20,34,0.7417582417582418,0.7472527472527473,0.75,0.7417582417582418,0.7472527472527473,0.75
logreg,pooled,long,0,5,181,20,34,0.7087912087912087,0.7692307692307693,0.75,0.7087912087912087,0.7692307692307693,0.75
logreg,pooled,long,0,6,181,20,34,0.7747252747252746,0.7802197802197802,0.75,0.7747252747252746,0.7802197802197802,0.75
logreg,pooled,long,0,7,181,20,34,0.45054945054945056,0.6043956043956044,0.5,0.45054945054945056,0.6043956043956044,0.5
logreg,pooled,long,0,8,181,20,34,0.5934065934065934,0.6483516483516483,0.6,0.5934065934065934,0.6483516483516483,0.6
logreg,pooled,long,0,9,181,20,34,0.7417582417582418,0.7912087912087912,0.75,0.7417582417582418,0.7912087912087912,0.75
logreg,pooled,long,1,0,180,21,34,0.6201923076923077,0.7019230769230769,0.6190476190476191,0.6201923076923077,0.7019230769230769,0.6190476190476191
logreg,pooled,long,1,1,181,20,34,0.625,0.5833333333333334,0.65,0.625,0.5833333333333334,0.65
logreg,pooled,long,1,2,181,20,34,0.875,0.90625,0.85,0.875,0.90625,0.85
logreg,pooled,long,1,3,181,20,34,0.8131868131868132,0.8021978021978022,0.8,0.8131868131868132,0.8021978021978022,0.8
logreg,pooled,long,1,4,181,20,34,0.6373626373626373,0.6593406593406593,0.7,0.6373626373626373,0.6593406593406593,0.7
logreg,pooled,long,1,5,181,20,34,0.7362637362637363,0.7252747252747253,0.7,0.7362637362637363,0.7252747252747253,0.7
logreg,pooled,long,1,6,181,20,34,0.7472527472527473,0.7802197802197802,0.8,0.7472527472527473,0.7802197802197802,0.8
logreg,pooled,long,1,7,181,20,34,0.8131868131868132,0.901098901098901,0.8,0.8131868131868132,0.901098901098901,0.8
logreg,pooled,long,1,8,181,20,34,0.5989010989010989,0.7142857142857142,0.65,0.5989010989010989,0.7142857142857142,0.65
logreg,pooled,long,1,9,181,20,34,0.6703296703296704,0.6483516483516483,0.7,0.6703296703296704,0.6483516483516483,0.7
logreg,pooled,long,2,0,180,21,34,0.5192307692307692,0.5673076923076923,0.5238095238095238,0.5192307692307692,0.5673076923076923,0.5238095238095238
logreg,pooled,long,2,1,181,20,34,0.8125,0.7708333333333334,0.8,0.8125,0.7708333333333334,0.8
logreg,pooled,long,2,2,181,20,34,0.625,0.5833333333333333,0.65,0.625,0.5833333333333333,0.65
logreg,pooled,long,2,3,181,20,34,0.7802197802197802,0.8791208791208791,0.8,0.7802197802197802,0.8791208791208791,0.8
logreg,pooled,long,2,4,181,20,34,0.7802197802197802,0.6263736263736264,0.8,0.7802197802197802,0.6263736263736264,0.8
logreg,pooled,long,2,5,181,20,34,0.5604395604395604,0.5714285714285714,0.6,0.5604395604395604,0.5714285714285714,0.6
logreg,pooled,long,2,6,181,20,34,0.7087912087912087,0.7692307692307692,0.75,0.7087912087912087,0.7692307692307692,0.75
logreg,pooled,long,2,7,181,20,34,0.7417582417582418,0.8021978021978022,0.75,0.7417582417582418,0.8021978021978022,0.75
logreg,pooled,long,2,8,181,20,34,0.7417582417582418,0.8901098901098901,0.75,0.7417582417582418,0.8901098901098901,0.75
logreg,pooled,long,2,9,181,20,34,0.6758241758241759,0.7252747252747253,0.75,0.6758241758241759,0.7252747252747253,0.75
logreg,pooled,long,3,0,180,21,34,0.6971153846153846,0.6923076923076923,0.7142857142857143,0.6971153846153846,0.6923076923076923,0.7142857142857143
logreg,pooled,long,3,1,181,20,34,0.8958333333333333,0.9270833333333334,0.9,0.8958333333333333,0.9270833333333334,0.9
logreg,pooled,long,3,2,181,20,34,0.7708333333333333,0.71875,0.75,0.7708333333333333,0.71875,0.75
logreg,pooled,long,3,3,181,20,34,0.6703296703296704,0.6593406593406592,0.7,0.6703296703296704,0.6593406593406592,0.7
logreg,pooled,long,3,4,181,20,34,0.7857142857142857,0.8351648351648351,0.85,0.7857142857142857,0.8351648351648351,0.85
logreg,pooled,long,3,5,181,20,34,0.7417582417582418,0.8131868131868132,0.75,0.7417582417582418,0.8131868131868132,0.75
logreg,pooled,long,3,6,181,20,34,0.6758241758241759,0.6593406593406592,0.75,0.6758241758241759,0.6593406593406592,0.75
logreg,pooled,long,3,7,181,20,34,0.6593406593406593,0.5934065934065934,0.6,0.6593406593406593,0.5934065934065934,0.6
logreg,pooled,long,3,8,181,20,34,0.8131868131868132,0.7692307692307692,0.8,0.8131868131868132,0.7692307692307692,0.8
logreg,pooled,long,3,9,181,20,34,0.7032967032967032,0.7032967032967032,0.7,0.7032967032967032,0.7032967032967032,0.7
logreg,pooled,long,4,0,180,21,34,0.6105769230769231,0.625,0.6666666666666666,0.6105769230769231,0.625,0.6666666666666666
logreg,pooled,long,4,1,181,20,34,0.8333333333333333,0.8958333333333333,0.85,0.8333333333333333,0.8958333333333333,0.85
logreg,pooled,long,4,2,181,20,34,0.5416666666666667,0.5416666666666667,0.55,0.5416666666666667,0.5416666666666667,0.55
logreg,pooled,long,4,3,181,20,34,0.554945054945055,0.5384615384615384,0.55,0.554945054945055,0.5384615384615384,0.55
logreg,pooled,long,4,4,181,20,34,0.8186813186813187,0.9230769230769231,0.85,0.8186813186813187,0.9230769230769231,0.85
logreg,pooled,long,4,5,181,20,34,0.7087912087912087,0.8021978021978021,0.75,0.7087912087912087,0.8021978021978021,0.75
logreg,pooled,long,4,6,181,20,34,0.6373626373626373,0.7912087912087912,0.7,0.6373626373626373,0.7912087912087912,0.7
logreg,pooled,long,4,7,181,20,34,0.6263736263736264,0.7032967032967032,0.6,0.6263736263736264,0.7032967032967032,0.6
logreg,pooled,long,4,8,181,20,34,0.6318681318681318,0.7032967032967034,0.65,0.6318681318681318,0.7032967032967034,0.65
logreg,pooled,long,4,9,181,20,34,0.7032967032967032,0.7802197802197802,0.7,0.7032967032967032,0.7802197802197802,0.7
rf,pooled,long,0,0,180,21,34,0.5721153846153846,0.7259615384615385,0.6190476190476191,0.5721153846153846,0.7259615384615385,0.6190476190476191
rf,pooled,long,0,1,181,20,34,0.6458333333333333,0.7760416666666667,0.7,0.6458333333333333,0.7760416666666667,0.7
rf,pooled,long,0,2,181,20,34,0.6875,0.8020833333333333,0.7,0.6875,0.8020833333333333,0.7
rf,pooled,long,0,3,181,20,34,0.7802197802197802,0.8901098901098902,0.8,0.7802197802197802,0.8901098901098902,0.8
rf,pooled,long,0,4,181,20,34,0.7087912087912087,0.8901098901098901,0.75,0.7087912087912087,0.8901098901098901,0.75
rf,pooled,long,0,5,181,20,34,0.6703296703296704,0.7142857142857143,0.7,0.6703296703296704,0.7142857142857143,0.7
rf,pooled,long,0,6,181,20,34,0.8571428571428572,0.9010989010989012,0.9,0.8571428571428572,0.9010989010989012,0.9
rf,pooled,long,0,7,181,20,34,0.5604395604395604,0.5604395604395604,0.6,0.5604395604395604,0.5604395604395604,0.6
rf,pooled,long,0,8,181,20,34,0.7857142857142857,0.8571428571428572,0.85,0.7857142857142857,0.8571428571428572,0.85
rf,pooled,long,0,9,181,20,34,0.8461538461538461,0.868131868131868,0.8,0.8461538461538461,0.868131868131868,0.8
rf,pooled,long,1,0,180,21,34,0.7355769230769231,0.8557692307692308,0.7619047619047619,0.7355769230769231,0.8557692307692308,0.7619047619047619
rf,pooled,long,1,1,181,20,34,0.7083333333333333,0.6145833333333333,0.75,0.7083333333333333,0.6145833333333333,0.75
rf,pooled,long,1,2,181,20,34,0.7291666666666667,0.78125,0.75,0.7291666666666667,0.78125,0.75
rf,pooled,long,1,3,181,20,34,0.8186813186813187,0.8626373626373626,0.85,0.8186813186813187,0.8626373626373626,0.85
rf,pooled,long,1,4,181,20,34,0.7087912087912087,0.8461538461538463,0.75,0.7087912087912087,0.8461538461538463,0.75
rf,pooled,long,1,5,181,20,34,0.6703296703296704,0.8626373626373627,0.7,0.6703296703296704,0.8626373626373627,0.7
rf,pooled,long,1,6,181,20,34,0.532967032967033,0.5934065934065934,0.65,0.532967032967033,0.5934065934065934,0.65
rf,pooled,long,1,7,181,20,34,0.8516483516483516,0.8901098901098902,0.85,0.8516483516483516,0.8901098901098902,0.85
rf,pooled,long,1,8,181,20,34,0.6703296703296704,0.8351648351648352,0.7,0.6703296703296704,0.8351648351648352,0.7
rf,pooled,long,1,9,181,20,34,0.554945054945055,0.6868131868131867,0.55,0.554945054945055,0.6868131868131867,0.55
rf,pooled,long,2,0,180,21,34,0.6346153846153846,0.6538461538461539,0.6666666666666666,0.6346153846153846,0.6538461538461539,0.6666666666666666
rf,pooled,long,2,1,181,20,34,0.5833333333333333,0.6666666666666667,0.6,0.5833333333333333,0.6666666666666667,0.6
rf,pooled,long,2,2,181,20,34,0.6666666666666667,0.6510416666666667,0.65,0.6666666666666667,0.6510416666666667,0.65
rf,pooled,long,2,3,181,20,34,0.6758241758241759,0.934065934065934,0.75,0.6758241758241759,0.934065934065934,0.75
rf,pooled,long,2,4,181,20,34,0.7802197802197802,0.8131868131868132,0.8,0.7802197802197802,0.8131868131868132,0.8
rf,pooled,long,2,5,181,20,34,0.5934065934065934,0.6153846153846154,0.6,0.5934065934065934,0.6153846153846154,0.6
rf,pooled,long,2,6,181,20,34,0.6373626373626373,0.7032967032967034,0.7,0.6373626373626373,0.7032967032967034,0.7
rf,pooled,long,2,7,181,20,34,0.7417582417582418,0.8736263736263736,0.75,0.7417582417582418,0.8736263736263736,0.75
rf,pooled,long,2,8,181,20,34,0.7472527472527473,0.8406593406593406,0.8,0.7472527472527473,0.8406593406593406,0.8
rf,pooled,long,2,9,181,20,34,0.7857142857142857,0.8956043956043955,0.85,0.7857142857142857,0.8956043956043955,0.85
rf,pooled,long,3,0,180,21,34,0.5480769230769231,0.6057692307692307,0.6190476190476191,0.5480769230769231,0.6057692307692307,0.6190476190476191
rf,pooled,long,3,1,181,20,34,0.7708333333333333,0.7447916666666666,0.8,0.7708333333333333,0.7447916666666666,0.8
rf,pooled,long,3,2,181,20,34,0.625,0.8020833333333333,0.65,0.625,0.8020833333333333,0.65
rf,pooled,long,3,3,181,20,34,0.6758241758241759,0.6263736263736264,0.75,0.6758241758241759,0.6263736263736264,0.75
rf,pooled,long,3,4,181,20,34,0.7032967032967032,0.868131868131868,0.7,0.7032967032967032,0.868131868131868,0.7
rf,pooled,long,3,5,181,20,34,0.7417582417582418,0.8571428571428571,0.75,0.7417582417582418,0.8571428571428571,0.75
rf,pooled,long,3,6,181,20,34,0.7087912087912087,0.7472527472527473,0.75,0.7087912087912087,0.7472527472527473,0.75
rf,pooled,long,3,7,181,20,34,0.7362637362637363,0.7747252747252746,0.7,0.7362637362637363,0.7747252747252746,0.7
rf,pooled,long,3,8,181,20,34,0.6758241758241759,0.9120879120879121,0.75,0.6758241758241759,0.9120879120879121,0.75
rf,pooled,long,3,9,181,20,34,0.7087912087912087,0.8131868131868132,0.75,0.7087912087912087,0.8131868131868132,0.75
rf,pooled,long,4,0,180,21,34,0.6490384615384616,0.7259615384615384,0.7142857142857143,0.6490384615384616,0.7259615384615384,0.7142857142857143
rf,pooled,long,4,1,181,20,34,0.8125,0.8333333333333334,0.85,0.8125,0.8333333333333334,0.85
rf,pooled,long,4,2,181,20,34,0.6875,0.6197916666666667,0.7,0.6875,0.6197916666666667,0.7
rf,pooled,long,4,3,181,20,34,0.5604395604395604,0.6263736263736264,0.6,0.5604395604395604,0.6263736263736264,0.6
rf,pooled,long,4,4,181,20,34,0.6758241758241759,0.945054945054945,0.75,0.6758241758241759,0.945054945054945,0.75
rf,pooled,long,4,5,181,20,34,0.7802197802197802,0.7307692307692308,0.8,0.7802197802197802,0.7307692307692308,0.8
rf,pooled,long,4,6,181,20,34,0.7087912087912087,0.8131868131868132,0.75,0.7087912087912087,0.8131868131868132,0.75
rf,pooled,long,4,7,181,20,34,0.7747252747252746,0.7802197802197802,0.75,0.7747252747252746,0.7802197802197802,0.75
rf,pooled,long,4,8,181,20,34,0.7087912087912087,0.868131868131868,0.75,0.7087912087912087,0.868131868131868,0.75
rf,pooled,long,4,9,181,20,34,0.6373626373626373,0.7472527472527473,0.7,0.6373626373626373,0.7472527472527473,0.7
svm_rbf,pooled,long,0,0,180,21,34,0.8221153846153846,0.9038461538461537,0.8095238095238095,0.8221153846153846,0.9038461538461537,0.8095238095238095
svm_rbf,pooled,long,0,1,181,20,34,0.6458333333333333,0.7395833333333334,0.7,0.6458333333333333,0.7395833333333334,0.7
svm_rbf,pooled,long,0,2,181,20,34,0.5625,0.75,0.6,0.5625,0.75,0.6
svm_rbf,pooled,long,0,3,181,20,34,0.7802197802197802,0.8241758241758241,0.8,0.7802197802197802,0.8241758241758241,0.8
svm_rbf,pooled,long,0,4,181,20,34,0.7747252747252746,0.9230769230769231,0.75,0.7747252747252746,0.9230769230769231,0.75
svm_rbf,pooled,long,0,5,181,20,34,0.7802197802197802,0.7032967032967032,0.8,0.7802197802197802,0.7032967032967032,0.8
svm_rbf,pooled,long,0,6,181,20,34,0.8131868131868132,0.9120879120879122,0.8,0.8131868131868132,0.9120879120879122,0.8
svm_rbf,pooled,long,0,7,181,20,34,0.45054945054945056,0.5604395604395603,0.5,0.45054945054945056,0.5604395604395603,0.5
svm_rbf,pooled,long,0,8,181,20,34,0.7032967032967032,0.8681318681318682,0.7,0.7032967032967032,0.8681318681318682,0.7
svm_rbf,pooled,long,0,9,181,20,34,0.7747252747252746,0.8461538461538461,0.75,0.7747252747252746,0.8461538461538461,0.75
svm_rbf,pooled,long,1,0,180,21,34,0.6826923076923077,0.798076923076923,0.6666666666666666,0.6826923076923077,0.798076923076923,0.6666666666666666
svm_rbf,pooled,long,1,1,181,20,34,0.6875,0.59375,0.7,0.6875,0.59375,0.7
svm_rbf,pooled,long,1,2,181,20,34,0.8541666666666667,0.8854166666666666,0.85,0.8541666666666667,0.8854166666666666,0.85
svm_rbf,pooled,long,1,3,181,20,34,0.8461538461538461,0.8901098901098901,0.8,0.8461538461538461,0.8901098901098901,0.8
svm_rbf,pooled,long,1,4,181,20,34,0.6703296703296704,0.7912087912087912,0.7,0.6703296703296704,0.7912087912087912,0.7
svm_rbf,pooled,long,1,5,181,20,34,0.6703296703296704,0.7252747252747253,0.7,0.6703296703296704,0.7252747252747253,0.7
svm_rbf,pooled,long,1,6,181,20,34,0.6373626373626373,0.7362637362637362,0.7,0.6373626373626373,0.7362637362637362,0.7
svm_rbf,pooled,long,1,7,181,20,34,0.8901098901098901,0.8681318681318682,0.9,0.8901098901098901,0.8681318681318682,0.9
svm_rbf,pooled,long,1,8,181,20,34,0.6318681318681318,0.7582417582417582,0.65,0.6318681318681318,0.7582417582417582,0.65
svm_rbf,pooled,long,1,9,181,20,34,0.6318681318681318,0.7802197802197802,0.65,0.6318681318681318,0.7802197802197802,0.65
svm_rbf,pooled,long,2,0,180,21,34,0.6201923076923077,0.7596153846153846,0.6190476190476191,0.6201923076923077,0.7596153846153846,0.6190476190476191
svm_rbf,pooled,long,2,1,181,20,34,0.7708333333333333,0.71875,0.75,0.7708333333333333,0.71875,0.75
svm_rbf,pooled,long,2,2,181,20,34,0.7916666666666667,0.75,0.8,0.7916666666666667,0.75,0.8
svm_rbf,pooled,long,2,3,181,20,34,0.8186813186813187,0.9340659340659341,0.85,0.8186813186813187,0.9340659340659341,0.85
svm_rbf,pooled,long,2,4,181,20,34,0.7032967032967032,0.8351648351648352,0.7,0.7032967032967032,0.8351648351648352,0.7
svm_rbf,pooled,long,2,5,181,20,34,0.5989010989010989,0.7362637362637362,0.65,0.5989010989010989,0.7362637362637362,0.65
svm_rbf,pooled,long,2,6,181,20,34,0.5989010989010989,0.6373626373626373,0.65,0.5989010989010989,0.6373626373626373,0.65
svm_rbf,pooled,long,2,7,181,20,34,0.7032967032967032,0.7582417582417582,0.7,0.7032967032967032,0.7582417582417582,0.7
svm_rbf,pooled,long,2,8,181,20,34,0.8131868131868132,0.9230769230769231,0.8,0.8131868131868132,0.9230769230769231,0.8
svm_rbf,pooled,long,2,9,181,20,34,0.6758241758241759,0.8571428571428571,0.75,0.6758241758241759,0.8571428571428571,0.75
svm_rbf,pooled,long,3,0,180,21,34,0.6971153846153846,0.7403846153846153,0.7142857142857143,0.6971153846153846,0.7403846153846153,0.7142857142857143
svm_rbf,pooled,long,3,1,181,20,34,0.75,0.84375,0.75,0.75,0.84375,0.75
svm_rbf,pooled,long,3,2,181,20,34,0.7083333333333333,0.7916666666666666,0.7,0.7083333333333333,0.7916666666666666,0.7
svm_rbf,pooled,long,3,3,181,20,34,0.6373626373626373,0.6923076923076923,0.7,0.6373626373626373,0.6923076923076923,0.7
svm_rbf,pooled,long,3,4,181,20,34,0.7032967032967032,0.9010989010989011,0.7,0.7032967032967032,0.9010989010989011,0.7
svm_rbf,pooled,long,3,5,181,20,34,0.7747252747252746,0.8571428571428572,0.75,0.7747252747252746,0.8571428571428572,0.75
svm_rbf,pooled,long,3,6,181,20,34,0.6318681318681318,0.6593406593406593,0.65,0.6318681318681318,0.6593406593406593,0.65
svm_rbf,pooled,long,3,7,181,20,34,0.6593406593406593,0.7582417582417582,0.6,0.6593406593406593,0.7582417582417582,0.6
svm_rbf,pooled,long,3,8,181,20,34,0.7472527472527473,0.8901098901098901,0.8,0.7472527472527473,0.8901098901098901,0.8
svm_rbf,pooled,long,3,9,181,20,34,0.6703296703296704,0.7692307692307692,0.7,0.6703296703296704,0.7692307692307692,0.7
svm_rbf,pooled,long,4,0,180,21,34,0.5721153846153846,0.6057692307692308,0.6190476190476191,0.5721153846153846,0.6057692307692308,0.6190476190476191
svm_rbf,pooled,long,4,1,181,20,34,0.625,0.71875,0.65,0.625,0.71875,0.65
svm_rbf,pooled,long,4,2,181,20,34,0.6041666666666667,0.6458333333333333,0.6,0.6041666666666667,0.6458333333333333,0.6
svm_rbf,pooled,long,4,3,181,20,34,0.5989010989010989,0.5714285714285714,0.65,0.5989010989010989,0.5714285714285714,0.65
svm_rbf,pooled,long,4,4,181,20,34,0.8571428571428572,0.967032967032967,0.9,0.8571428571428572,0.967032967032967,0.9
svm_rbf,pooled,long,4,5,181,20,34,0.7032967032967032,0.7582417582417582,0.7,0.7032967032967032,0.7582417582417582,0.7
svm_rbf,pooled,long,4,6,181,20,34,0.7802197802197802,0.8791208791208791,0.8,0.7802197802197802,0.8791208791208791,0.8
svm_rbf,pooled,long,4,7,181,20,34,0.8461538461538461,0.8791208791208791,0.8,0.8461538461538461,0.8791208791208791,0.8
svm_rbf,pooled,long,4,8,181,20,34,0.8516483516483516,0.868131868131868,0.85,0.8516483516483516,0.868131868131868,0.85
svm_rbf,pooled,long,4,9,181,20,34,0.7032967032967032,0.7912087912087912,0.7,0.7032967032967032,0.7912087912087912,0.7
mlp,pooled,long,0,0,180,21,34,0.7211538461538461,0.8557692307692308,0.7142857142857143,0.7211538461538461,0.8557692307692308,0.7142857142857143
mlp,pooled,long,0,1,181,20,34,0.6458333333333333,0.6770833333333334,0.7,0.6458333333333333,0.6770833333333334,0.7
mlp,pooled,long,0,2,181,20,34,0.625,0.6770833333333333,0.65,0.625,0.6770833333333333,0.65
mlp,pooled,long,0,3,181,20,34,0.7087912087912087,0.8461538461538461,0.75,0.7087912087912087,0.8461538461538461,0.75
mlp,pooled,long,0,4,181,20,34,0.7417582417582418,0.8241758241758241,0.75,0.7417582417582418,0.8241758241758241,0.75
mlp,pooled,long,0,5,181,20,34,0.7472527472527473,0.7692307692307693,0.8,0.7472527472527473,0.7692307692307693,0.8
mlp,pooled,long,0,6,181,20,34,0.6703296703296704,0.901098901098901,0.7,0.6703296703296704,0.901098901098901,0.7
mlp,pooled,long,0,7,181,20,34,0.5604395604395604,0.5824175824175823,0.6,0.5604395604395604,0.5824175824175823,0.6
mlp,pooled,long,0,8,181,20,34,0.6703296703296704,0.6703296703296703,0.7,0.6703296703296704,0.6703296703296703,0.7
mlp,pooled,long,0,9,181,20,34,0.7747252747252746,0.7912087912087912,0.75,0.7747252747252746,0.7912087912087912,0.75
mlp,pooled,long,1,0,180,21,34,0.7596153846153846,0.7596153846153847,0.7619047619047619,0.7596153846153846,0.7596153846153847,0.7619047619047619
mlp,pooled,long,1,1,181,20,34,0.6875,0.625,0.7,0.6875,0.625,0.7
mlp,pooled,long,1,2,181,20,34,0.8125,0.90625,0.8,0.8125,0.90625,0.8
mlp,pooled,long,1,3,181,20,34,0.8131868131868132,0.9340659340659341,0.8,0.8131868131868132,0.9340659340659341,0.8
mlp,pooled,long,1,4,181,20,34,0.6758241758241759,0.6923076923076923,0.75,0.6758241758241759,0.6923076923076923,0.75
mlp,pooled,long,1,5,181,20,34,0.6318681318681318,0.7142857142857143,0.65,0.6318681318681318,0.7142857142857143,0.65
mlp,pooled,long,1,6,181,20,34,0.6373626373626373,0.6483516483516483,0.7,0.6373626373626373,0.6483516483516483,0.7
mlp,pooled,long,1,7,181,20,34,0.6373626373626373,0.8351648351648352,0.7,0.6373626373626373,0.8351648351648352,0.7
mlp,pooled,long,1,8,181,20,34,0.5659340659340659,0.846153846153846,0.65,0.5659340659340659,0.846153846153846,0.65
mlp,pooled,long,1,9,181,20,34,0.7087912087912087,0.6703296703296703,0.75,0.7087912087912087,0.6703296703296703,0.75
mlp,pooled,long,2,0,180,21,34,0.6730769230769231,0.6442307692307693,0.7142857142857143,0.6730769230769231,0.6442307692307693,0.7142857142857143
mlp,pooled,long,2,1,181,20,34,0.8125,0.7395833333333334,0.8,0.8125,0.7395833333333334,0.8
mlp,pooled,long,2,2,181,20,34,0.7708333333333333,0.8020833333333333,0.8,0.7708333333333333,0.8020833333333333,0.8
mlp,pooled,long,2,3,181,20,34,0.7472527472527473,0.8131868131868132,0.8,0.7472527472527473,0.8131868131868132,0.8
mlp,pooled,long,2,4,181,20,34,0.7747252747252746,0.7912087912087912,0.75,0.7747252747252746,0.7912087912087912,0.75
mlp,pooled,long,2,5,181,20,34,0.6373626373626373,0.6813186813186813,0.7,0.6373626373626373,0.6813186813186813,0.7
mlp,pooled,long,2,6,181,20,34,0.6373626373626373,0.6043956043956044,0.7,0.6373626373626373,0.6043956043956044,0.7
mlp,pooled,long,2,7,181,20,34,0.8131868131868132,0.7692307692307692,0.8,0.8131868131868132,0.7692307692307692,0.8
mlp,pooled,long,2,8,181,20,34,0.7417582417582418,0.8351648351648351,0.75,0.7417582417582418,0.8351648351648351,0.75
mlp,pooled,long,2,9,181,20,34,0.6428571428571428,0.6703296703296704,0.75,0.6428571428571428,0.6703296703296704,0.75
mlp,pooled,long,3,0,180,21,34,0.6346153846153846,0.6923076923076924,0.6666666666666666,0.6346153846153846,0.6923076923076924,0.6666666666666666
mlp,pooled,long,3,1,181,20,34,0.7916666666666667,0.8333333333333333,0.8,0.7916666666666667,0.8333333333333333,0.8
mlp,pooled,long,3,2,181,20,34,0.7083333333333333,0.7708333333333333,0.7,0.7083333333333333,0.7708333333333333,0.7
mlp,pooled,long,3,3,181,20,34,0.6758241758241759,0.6923076923076923,0.75,0.6758241758241759,0.6923076923076923,0.75
mlp,pooled,long,3,4,181,20,34,0.8186813186813187,0.9340659340659341,0.85,0.8186813186813187,0.9340659340659341,0.85
mlp,pooled,long,3,5,181,20,34,0.6318681318681318,0.8131868131868132,0.65,0.6318681318681318,0.8131868131868132,0.65
mlp,pooled,long,3,6,181,20,34,0.6373626373626373,0.5604395604395604,0.7,0.6373626373626373,0.5604395604395604,0.7
mlp,pooled,long,3,7,181,20,34,0.7032967032967032,0.8021978021978022,0.7,0.7032967032967032,0.8021978021978022,0.7
mlp,pooled,long,3,8,181,20,34,0.7802197802197802,0.8131868131868132,0.8,0.7802197802197802,0.8131868131868132,0.8
mlp,pooled,long,3,9,181,20,34,0.5989010989010989,0.7142857142857143,0.65,0.5989010989010989,0.7142857142857143,0.65
mlp,pooled,long,4,0,180,21,34,0.4855769230769231,0.5673076923076923,0.5714285714285714,0.4855769230769231,0.5673076923076923,0.5714285714285714
mlp,pooled,long,4,1,181,20,34,0.6041666666666667,0.7083333333333334,0.65,0.6041666666666667,0.7083333333333334,0.65
mlp,pooled,long,4,2,181,20,34,0.625,0.6458333333333333,0.65,0.625,0.6458333333333333,0.65
mlp,pooled,long,4,3,181,20,34,0.5604395604395604,0.5274725274725274,0.6,0.5604395604395604,0.5274725274725274,0.6
mlp,pooled,long,4,4,181,20,34,0.8571428571428572,0.9340659340659341,0.9,0.8571428571428572,0.9340659340659341,0.9
mlp,pooled,long,4,5,181,20,34,0.7087912087912087,0.7472527472527473,0.75,0.7087912087912087,0.7472527472527473,0.75
mlp,pooled,long,4,6,181,20,34,0.7417582417582418,0.8241758241758241,0.75,0.7417582417582418,0.8241758241758241,0.75
mlp,pooled,long,4,7,181,20,34,0.9230769230769231,0.8901098901098901,0.9,0.9230769230769231,0.8901098901098901,0.9
mlp,pooled,long,4,8,181,20,34,0.7417582417582418,0.7802197802197802,0.75,0.7417582417582418,0.7802197802197802,0.75
mlp,pooled,long,4,9,181,20,34,0.5934065934065934,0.6813186813186813,0.6,0.5934065934065934,0.6813186813186813,0.6
xgb,pooled,long,0,0,180,21,34,0.5721153846153846,0.75,0.6190476190476191,0.5721153846153846,0.75,0.6190476190476191
xgb,pooled,long,0,1,181,20,34,0.5833333333333333,0.7708333333333334,0.65,0.5833333333333333,0.7708333333333334,0.65
xgb,pooled,long,0,2,181,20,34,0.6041666666666667,0.7812500000000001,0.65,0.6041666666666667,0.7812500000000001,0.65
xgb,pooled,long,0,3,181,20,34,0.7087912087912087,0.8791208791208791,0.75,0.7087912087912087,0.8791208791208791,0.75
xgb,pooled,long,0,4,181,20,34,0.6373626373626373,0.8351648351648352,0.7,0.6373626373626373,0.8351648351648352,0.7
xgb,pooled,long,0,5,181,20,34,0.7087912087912087,0.7142857142857143,0.75,0.7087912087912087,0.7142857142857143,0.75
xgb,pooled,long,0,6,181,20,34,0.7142857142857143,0.8131868131868132,0.8,0.7142857142857143,0.8131868131868132,0.8
xgb,pooled,long,0,7,181,20,34,0.6703296703296704,0.5274725274725274,0.7,0.6703296703296704,0.5274725274725274,0.7
xgb,pooled,long,0,8,181,20,34,0.7472527472527473,0.8131868131868132,0.8,0.7472527472527473,0.8131868131868132,0.8
xgb,pooled,long,0,9,181,20,34,0.6703296703296704,0.7802197802197803,0.7,0.6703296703296704,0.7802197802197803,0.7
xgb,pooled,long,1,0,180,21,34,0.8221153846153846,0.903846153846154,0.8095238095238095,0.8221153846153846,0.903846153846154,0.8095238095238095
xgb,pooled,long,1,1,181,20,34,0.6666666666666667,0.6145833333333334,0.7,0.6666666666666667,0.6145833333333334,0.7
xgb,pooled,long,1,2,181,20,34,0.5416666666666667,0.5937500000000001,0.55,0.5416666666666667,0.5937500000000001,0.55
xgb,pooled,long,1,3,181,20,34,0.7802197802197802,0.8681318681318682,0.8,0.7802197802197802,0.8681318681318682,0.8
xgb,pooled,long,1,4,181,20,34,0.7087912087912087,0.7912087912087912,0.75,0.7087912087912087,0.7912087912087912,0.75
xgb,pooled,long,1,5,181,20,34,0.7087912087912087,0.8791208791208791,0.75,0.7087912087912087,0.8791208791208791,0.75
xgb,pooled,long,1,6,181,20,34,0.6043956043956045,0.6373626373626373,0.7,0.6043956043956045,0.6373626373626373,0.7
xgb,pooled,long,1,7,181,20,34,0.7472527472527473,0.8131868131868131,0.8,0.7472527472527473,0.8131868131868131,0.8
xgb,pooled,long,1,8,181,20,34,0.7417582417582418,0.7582417582417582,0.75,0.7417582417582418,0.7582417582417582,0.75
xgb,pooled,long,1,9,181,20,34,0.6263736263736264,0.6923076923076923,0.6,0.6263736263736264,0.6923076923076923,0.6
xgb,pooled,long,2,0,180,21,34,0.6105769230769231,0.6538461538461539,0.6666666666666666,0.6105769230769231,0.6538461538461539,0.6666666666666666
xgb,pooled,long,2,1,181,20,34,0.75,0.6770833333333334,0.75,0.75,0.6770833333333334,0.75
xgb,pooled,long,2,2,181,20,34,0.5833333333333333,0.65625,0.6,0.5833333333333333,0.65625,0.6
xgb,pooled,long,2,3,181,20,34,0.8186813186813187,0.923076923076923,0.85,0.8186813186813187,0.923076923076923,0.85
xgb,pooled,long,2,4,181,20,34,0.7472527472527473,0.7912087912087912,0.8,0.7472527472527473,0.7912087912087912,0.8
xgb,pooled,long,2,5,181,20,34,0.5274725274725275,0.6153846153846154,0.6,0.5274725274725275,0.6153846153846154,0.6
xgb,pooled,long,2,6,181,20,34,0.6703296703296704,0.6483516483516484,0.7,0.6703296703296704,0.6483516483516484,0.7
xgb,pooled,long,2,7,181,20,34,0.7802197802197802,0.9120879120879122,0.8,0.7802197802197802,0.9120879120879122,0.8
xgb,pooled,long,2,8,181,20,34,0.7087912087912087,0.8351648351648352,0.75,0.7087912087912087,0.8351648351648352,0.75
xgb,pooled,long,2,9,181,20,34,0.6758241758241759,0.7802197802197802,0.75,0.6758241758241759,0.7802197802197802,0.75
xgb,pooled,long,3,0,180,21,34,0.5480769230769231,0.6057692307692308,0.6190476190476191,0.5480769230769231,0.6057692307692308,0.6190476190476191
xgb,pooled,long,3,1,181,20,34,0.7291666666666667,0.7708333333333334,0.75,0.7291666666666667,0.7708333333333334,0.75
xgb,pooled,long,3,2,181,20,34,0.4583333333333333,0.6354166666666667,0.5,0.4583333333333333,0.6354166666666667,0.5
xgb,pooled,long,3,3,181,20,34,0.6043956043956045,0.6153846153846154,0.7,0.6043956043956045,0.6153846153846154,0.7
xgb,pooled,long,3,4,181,20,34,0.7802197802197802,0.901098901098901,0.8,0.7802197802197802,0.901098901098901,0.8
xgb,pooled,long,3,5,181,20,34,0.8131868131868132,0.8021978021978022,0.8,0.8131868131868132,0.8021978021978022,0.8
xgb,pooled,long,3,6,181,20,34,0.7472527472527473,0.7582417582417583,0.8,0.7472527472527473,0.7582417582417583,0.8
xgb,pooled,long,3,7,181,20,34,0.7362637362637363,0.7582417582417582,0.7,0.7362637362637363,0.7582417582417582,0.7
xgb,pooled,long,3,8,181,20,34,0.6758241758241759,0.9340659340659341,0.75,0.6758241758241759,0.9340659340659341,0.75
xgb,pooled,long,3,9,181,20,34,0.6703296703296704,0.7472527472527473,0.7,0.6703296703296704,0.7472527472527473,0.7
xgb,pooled,long,4,0,180,21,34,0.6490384615384616,0.7499999999999999,0.7142857142857143,0.6490384615384616,0.7499999999999999,0.7142857142857143
xgb,pooled,long,4,1,181,20,34,0.8125,0.8645833333333333,0.85,0.8125,0.8645833333333333,0.85
xgb,pooled,long,4,2,181,20,34,0.4791666666666667,0.6145833333333334,0.5,0.4791666666666667,0.6145833333333334,0.5
xgb,pooled,long,4,3,181,20,34,0.5604395604395604,0.5274725274725274,0.6,0.5604395604395604,0.5274725274725274,0.6
xgb,pooled,long,4,4,181,20,34,0.6703296703296704,0.8681318681318682,0.7,0.6703296703296704,0.8681318681318682,0.7
xgb,pooled,long,4,5,181,20,34,0.7087912087912087,0.7912087912087912,0.75,0.7087912087912087,0.7912087912087912,0.75
xgb,pooled,long,4,6,181,20,34,0.7472527472527473,0.8571428571428572,0.8,0.7472527472527473,0.8571428571428572,0.8
xgb,pooled,long,4,7,181,20,34,0.7747252747252746,0.7692307692307692,0.75,0.7747252747252746,0.7692307692307692,0.75
xgb,pooled,long,4,8,181,20,34,0.7802197802197802,0.7362637362637362,0.8,0.7802197802197802,0.7362637362637362,0.8
xgb,pooled,long,4,9,181,20,34,0.5934065934065934,0.6593406593406593,0.6,0.5934065934065934,0.6593406593406593,0.6
