model,selection,variant,representation,seed,fold,n_train_subjects,n_test_subjects,n_features,section_bal_acc,section_auc,section_acc,subject_bal_acc,subject_auc,subject_acc,n_sections
xgb,in_fold,sections_5_5,sections,0,0,180,21,34,0.6625000000000001,0.745,0.6952380952380952,0.6105769230769231,0.7403846153846154,0.6666666666666666,1005
xgb,in_fold,sections_5_5,sections,0,1,181,20,34,0.6499999999999999,0.69875,0.71,0.6875,0.7291666666666667,0.75,1005
xgb,in_fold,sections_5_5,sections,0,2,181,20,34,0.7538461538461538,0.6940659340659341,0.8,0.7472527472527473,0.7142857142857143,0.8,1005
xgb,in_fold,sections_5_5,sections,0,3,181,20,34,0.4835164835164835,0.5367032967032968,0.62,0.46153846153846156,0.5494505494505495,0.6,1005
xgb,in_fold,sections_5_5,sections,0,4,181,20,34,0.6274725274725275,0.7336263736263736,0.67,0.6703296703296704,0.8021978021978022,0.7,1005
xgb,in_fold,sections_5_5,sections,0,5,181,20,34,0.5362637362637362,0.509010989010989,0.62,0.4945054945054945,0.5164835164835164,0.6,1005
xgb,in_fold,sections_5_5,sections,0,6,181,20,34,0.6175824175824176,0.6945054945054945,0.7,0.7142857142857143,0.7142857142857143,0.8,1005
xgb,in_fold,sections_5_5,sections,0,7,181,20,34,0.5703296703296703,0.47472527472527476,0.63,0.6043956043956045,0.4615384615384615,0.7,1005
xgb,in_fold,sections_5_5,sections,0,8,181,20,34,0.5637362637362637,0.6589010989010988,0.63,0.5274725274725275,0.6593406593406593,0.6,1005
xgb,in_fold,sections_5_5,sections,0,9,181,20,34,0.6041666666666666,0.6679166666666665,0.64,0.5625,0.6770833333333333,0.6,1005
xgb,in_fold,sections_5_5,sections,1,0,180,21,34,0.6076923076923078,0.6473076923076923,0.6571428571428571,0.6490384615384616,0.6346153846153847,0.7142857142857143,1005
xgb,in_fold,sections_5_5,sections,1,1,181,20,34,0.5802197802197802,0.5362637362637362,0.66,0.6043956043956045,0.5604395604395604,0.7,1005
xgb,in_fold,sections_5_5,sections,1,2,181,20,34,0.7417582417582418,0.8136263736263736,0.75,0.8901098901098901,0.8461538461538461,0.9,1005
xgb,in_fold,sections_5_5,sections,1,3,181,20,34,0.5516483516483517,0.5538461538461539,0.58,0.5934065934065934,0.5494505494505494,0.6,1005
xgb,in_fold,sections_5_5,sections,1,4,181,20,34,0.6593406593406593,0.7617582417582418,0.72,0.5659340659340659,0.7802197802197802,0.65,1005
xgb,in_fold,sections_5_5,sections,1,5,181,20,34,0.7527472527472527,0.7903296703296703,0.79,0.7087912087912087,0.8131868131868131,0.75,1005
xgb,in_fold,sections_5_5,sections,1,6,181,20,34,0.6934065934065934,0.7235164835164835,0.73,0.7087912087912087,0.7582417582417582,0.75,1005
xgb,in_fold,sections_5_5,sections,1,7,181,20,34,0.5291666666666667,0.5458333333333334,0.59,0.4791666666666667,0.5833333333333334,0.55,1005
xgb,in_fold,sections_5_5,sections,1,8,181,20,34,0.6296703296703297,0.6035164835164835,0.69,0.6373626373626373,0.6043956043956044,0.7,1005
xgb,in_fold,sections_5_5,sections,1,9,181,20,34,0.625,0.6470833333333333,0.64,0.5833333333333333,0.6875,0.6,1005
xgb,in_fold,sections_5_5,sections,2,0,181,20,34,0.5527472527472528,0.657142857142857,0.59,0.5274725274725275,0.6703296703296703,0.6,1005
xgb,in_fold,sections_5_5,sections,2,1,180,21,34,0.5634615384615385,0.7546153846153847,0.638095238095238,0.5480769230769231,0.7788461538461537,0.6190476190476191,1005
xgb,in_fold,sections_5_5,sections,2,2,181,20,34,0.5291666666666667,0.45208333333333334,0.61,0.5208333333333333,0.46875,0.6,1005
xgb,in_fold,sections_5_5,sections,2,3,181,20,34,0.7032967032967032,0.8008791208791209,0.76,0.7087912087912087,0.8461538461538461,0.75,1005
xgb,in_fold,sections_5_5,sections,2,4,181,20,34,0.6384615384615384,0.7217582417582417,0.71,0.7142857142857143,0.8021978021978022,0.8,1005
xgb,in_fold,sections_5_5,sections,2,5,181,20,34,0.7824175824175824,0.7472527472527473,0.82,0.8186813186813187,0.7252747252747251,0.85,1005
xgb,in_fold,sections_5_5,sections,2,6,181,20,34,0.6604395604395604,0.7134065934065934,0.73,0.6758241758241759,0.7362637362637363,0.75,1005
xgb,in_fold,sections_5_5,sections,2,7,181,20,34,0.6916666666666667,0.7525000000000001,0.73,0.7083333333333333,0.7604166666666666,0.75,1005
xgb,in_fold,sections_5_5,sections,2,8,181,20,34,0.6747252747252748,0.7191208791208791,0.68,0.6318681318681318,0.7472527472527473,0.65,1005
xgb,in_fold,sections_5_5,sections,2,9,181,20,34,0.6703296703296704,0.7525274725274725,0.7,0.7087912087912087,0.7472527472527473,0.75,1005
xgb,in_fold,sections_5_8,sections,0,0,180,21,34,0.6192307692307693,0.798076923076923,0.75,0.5865384615384616,0.8365384615384615,0.6666666666666666,1389
xgb,in_fold,sections_5_8,sections,0,1,181,20,34,0.4989010989010989,0.6200549450549451,0.6330935251798561,0.4560439560439561,0.6483516483516483,0.55,1389
xgb,in_fold,sections_5_8,sections,0,2,181,20,34,0.5990384615384616,0.6607142857142857,0.697841726618705,0.6373626373626373,0.7142857142857143,0.7,1389
xgb,in_fold,sections_5_8,sections,0,3,181,20,34,0.6949175824175824,0.8752747252747253,0.8129496402877698,0.7142857142857143,0.9340659340659341,0.8,1389
xgb,in_fold,sections_5_8,sections,0,4,181,20,34,0.5945054945054945,0.5607142857142857,0.7194244604316546,0.532967032967033,0.5824175824175825,0.65,1389
xgb,in_fold,sections_5_8,sections,0,5,181,20,34,0.5541666666666667,0.56171875,0.6691176470588235,0.5416666666666667,0.5520833333333334,0.6,1389
xgb,in_fold,sections_5_8,sections,0,6,181,20,34,0.5898351648351648,0.6032967032967033,0.7266187050359713,0.6373626373626373,0.6153846153846154,0.7,1389
xgb,in_fold,sections_5_8,sections,0,7,181,20,34,0.604532967032967,0.6881868131868132,0.7769784172661871,0.6428571428571428,0.7252747252747253,0.75,1389
xgb,in_fold,sections_5_8,sections,0,8,181,20,34,0.6855769230769231,0.8060439560439561,0.8273381294964028,0.7142857142857143,0.8571428571428571,0.8,1389
xgb,in_fold,sections_5_8,sections,0,9,181,20,34,0.5822916666666667,0.75703125,0.6985294117647058,0.7083333333333333,0.7916666666666666,0.75,1389
xgb,in_fold,sections_5_8,sections,1,0,180,21,34,0.5817307692307692,0.7817307692307692,0.6736111111111112,0.5721153846153846,0.7884615384615384,0.6190476190476191,1389
xgb,in_fold,sections_5_8,sections,1,1,181,20,34,0.560989010989011,0.593956043956044,0.6834532374100719,0.5659340659340659,0.6043956043956044,0.65,1389
xgb,in_fold,sections_5_8,sections,1,2,181,20,34,0.623489010989011,0.6997252747252747,0.7769784172661871,0.6428571428571428,0.7692307692307693,0.75,1389
xgb,in_fold,sections_5_8,sections,1,3,181,20,34,0.6663461538461539,0.7049450549450549,0.7985611510791367,0.6428571428571428,0.7142857142857143,0.75,1389
xgb,in_fold,sections_5_8,sections,1,4,181,20,34,0.513598901098901,0.7148351648351647,0.6834532374100719,0.4945054945054945,0.7142857142857143,0.6,1389
xgb,in_fold,sections_5_8,sections,1,5,181,20,34,0.6666666666666667,0.684375,0.7352941176470589,0.6458333333333333,0.71875,0.7,1389
xgb,in_fold,sections_5_8,sections,1,6,181,20,34,0.4751373626373626,0.5057692307692307,0.6258992805755396,0.4945054945054945,0.48351648351648346,0.6,1389
xgb,in_fold,sections_5_8,sections,1,7,181,20,34,0.604532967032967,0.7686813186813187,0.7769784172661871,0.5714285714285714,0.8461538461538463,0.7,1389
xgb,in_fold,sections_5_8,sections,1,8,181,20,34,0.7855769230769231,0.9478021978021978,0.8776978417266187,0.8571428571428572,0.956043956043956,0.9,1389
xgb,in_fold,sections_5_8,sections,1,9,181,20,34,0.46875,0.3364583333333333,0.6102941176470589,0.4791666666666667,0.32291666666666663,0.55,1389
xgb,in_fold,sections_5_8,sections,2,0,180,21,34,0.6932692307692307,0.6908653846153845,0.8125,0.7115384615384616,0.6826923076923077,0.7619047619047619,1389
xgb,in_fold,sections_5_8,sections,2,1,181,20,34,0.5947802197802198,0.7351648351648352,0.7482014388489209,0.6043956043956045,0.7582417582417582,0.7,1389
xgb,in_fold,sections_5_8,sections,2,2,181,20,34,0.5273351648351648,0.5796703296703296,0.6330935251798561,0.41758241758241754,0.5494505494505495,0.5,1389
xgb,in_fold,sections_5_8,sections,2,3,181,20,34,0.5188186813186813,0.6195054945054945,0.7338129496402878,0.46153846153846156,0.6593406593406593,0.6,1389
xgb,in_fold,sections_5_8,sections,2,4,181,20,34,0.43214285714285716,0.4085164835164835,0.5899280575539568,0.4230769230769231,0.3626373626373626,0.55,1389
xgb,in_fold,sections_5_8,sections,2,5,181,20,34,0.659375,0.6067708333333334,0.7867647058823529,0.6875,0.5625,0.75,1389
xgb,in_fold,sections_5_8,sections,2,6,181,20,34,0.6804945054945055,0.807142857142857,0.7913669064748201,0.7142857142857143,0.8571428571428572,0.8,1389
xgb,in_fold,sections_5_8,sections,2,7,181,20,34,0.5990384615384616,0.695054945054945,0.697841726618705,0.6373626373626373,0.7032967032967034,0.7,1389
xgb,in_fold,sections_5_8,sections,2,8,181,20,34,0.7612637362637362,0.8552197802197802,0.8129496402877698,0.8186813186813187,0.901098901098901,0.85,1389
xgb,in_fold,sections_5_8,sections,2,9,181,20,34,0.5541666666666667,0.5908854166666666,0.6691176470588235,0.5416666666666667,0.59375,0.6,1389
