rank,index,band,channel_a,channel_b
1,502,alpha,P3,O2
2,39,delta,F7,T7
3,342,alpha,Fp1,Fp2
4,501,alpha,P3,O1
5,647,beta,Cz,O2
6,68,delta,Fz,T7
7,723,gamma,F7,T7
8,404,alpha,F3,P4
9,719,gamma,F7,F3
10,739,gamma,F3,C3
11,343,alpha,Fp1,F7
12,36,delta,F7,Fz
13,750,gamma,Fz,F4
14,823,gamma,C4,P4
15,93,delta,F8,T7
16,210,theta,F7,T7
17,569,beta,F3,Cz
18,686,gamma,Fp1,F3
19,346,alpha,Fp1,F4
20,451,alpha,T7,P7
21,85,delta,F4,T8
22,728,gamma,F7,P7
23,341,theta,O1,O2
24,485,alpha,T8,P7
25,557,beta,F7,P7
26,566,beta,F3,F8
27,222,theta,F3,Fz
28,582,beta,Fz,C3
29,472,alpha,Cz,Pz
30,285,theta,T7,O1
31,330,theta,P3,O1
32,51,delta,F3,Fz
33,417,alpha,Fz,Pz
34,362,alpha,Fp2,Fz
