model,selection,representation,level,metric,mean,std,n_seeds,notes
logreg,none,sections,section,bal_acc,0.660852,0.011217,5,"all 855 features; coh, 5 bands (paper 3.3), EC, 19 ch, interpolated missing"
logreg,none,sections,section,auc,0.730868,0.012226,5,"all 855 features; coh, 5 bands (paper 3.3), EC, 19 ch, interpolated missing"
logreg,none,sections,subject,bal_acc,0.668626,0.026182,5,"all 855 features; coh, 5 bands (paper 3.3), EC, 19 ch, interpolated missing"
logreg,none,sections,subject,auc,0.739476,0.009439,5,"all 855 features; coh, 5 bands (paper 3.3), EC, 19 ch, interpolated missing"
rf,none,sections,section,bal_acc,0.645942,0.010688,5,"all 855 features; coh, 5 bands (paper 3.3), EC, 19 ch, interpolated missing"
rf,none,sections,section,auc,0.721125,0.01124,5,"all 855 features; coh, 5 bands (paper 3.3), EC, 19 ch, interpolated missing"
rf,none,sections,subject,bal_acc,0.659464,0.015466,5,"all 855 features; coh, 5 bands (paper 3.3), EC, 19 ch, interpolated missing"
rf,none,sections,subject,auc,0.737343,0.010558,5,"all 855 features; coh, 5 bands (paper 3.3), EC, 19 ch, interpolated missing"
logreg,in_fold,sections,section,bal_acc,0.636377,0.025353,5,"top 34 selected inside each training fold; not permuted, budget; coh, 5 bands (paper 3.3), EC, 19 ch, interpolated missing"
logreg,in_fold,sections,section,auc,0.677493,0.02966,5,"top 34 selected inside each training fold; not permuted, budget; coh, 5 bands (paper 3.3), EC, 19 ch, interpolated missing"
logreg,in_fold,sections,subject,bal_acc,0.650733,0.023387,5,"top 34 selected inside each training fold; not permuted, budget; coh, 5 bands (paper 3.3), EC, 19 ch, interpolated missing"
logreg,in_fold,sections,subject,auc,0.691069,0.033709,5,"top 34 selected inside each training fold; not permuted, budget; coh, 5 bands (paper 3.3), EC, 19 ch, interpolated missing"
rf,in_fold,sections,section,bal_acc,0.633354,0.016547,5,"top 34 selected inside each training fold; not permuted, budget; coh, 5 bands (paper 3.3), EC, 19 ch, interpolated missing"
rf,in_fold,sections,section,auc,0.688851,0.01302,5,"top 34 selected inside each training fold; not permuted, budget; coh, 5 bands (paper 3.3), EC, 19 ch, interpolated missing"
rf,in_fold,sections,subject,bal_acc,0.643191,0.026792,5,"top 34 selected inside each training fold; not permuted, budget; coh, 5 bands (paper 3.3), EC, 19 ch, interpolated missing"
rf,in_fold,sections,subject,auc,0.70687,0.022375,5,"top 34 selected inside each training fold; not permuted, budget; coh, 5 bands (paper 3.3), EC, 19 ch, interpolated missing"
svm_rbf,in_fold,sections,section,bal_acc,0.635048,0.020567,5,"top 34 selected inside each training fold; not permuted, budget; coh, 5 bands (paper 3.3), EC, 19 ch, interpolated missing"
svm_rbf,in_fold,sections,section,auc,0.69305,0.022013,5,"top 34 selected inside each training fold; not permuted, budget; coh, 5 bands (paper 3.3), EC, 19 ch, interpolated missing"
svm_rbf,in_fold,sections,subject,bal_acc,0.644194,0.028517,5,"top 34 selected inside each training fold; not permuted, budget; coh, 5 bands (paper 3.3), EC, 19 ch, interpolated missing"
svm_rbf,in_fold,sections,subject,auc,0.70956,0.025911,5,"top 34 selected inside each training fold; not permuted, budget; coh, 5 bands (paper 3.3), EC, 19 ch, interpolated missing"
mlp,in_fold,sections,section,bal_acc,0.609105,0.020595,5,"top 34 selected inside each training fold; not permuted, budget; coh, 5 bands (paper 3.3), EC, 19 ch, interpolated missing"
mlp,in_fold,sections,section,auc,0.649563,0.022167,5,"top 34 selected inside each training fold; not permuted, budget; coh, 5 bands (paper 3.3), EC, 19 ch, interpolated missing"
mlp,in_fold,sections,subject,bal_acc,0.615559,0.02101,5,"top 34 selected inside each training fold; not permuted, budget; coh, 5 bands (paper 3.3), EC, 19 ch, interpolated missing"
mlp,in_fold,sections,subject,auc,0.669281,0.033958,5,"top 34 selected inside each training fold; not permuted, budget; coh, 5 bands (paper 3.3), EC, 19 ch, interpolated missing"
xgb,in_fold,sections,section,bal_acc,0.64398,0.023401,5,"top 34 selected inside each training fold; not permuted, budget; coh, 5 bands (paper 3.3), EC, 19 ch, interpolated missing"
xgb,in_fold,sections,section,auc,0.695128,0.024053,5,"top 34 selected inside each training fold; not permuted, budget; coh, 5 bands (paper 3.3), EC, 19 ch, interpolated missing"
xgb,in_fold,sections,subject,bal_acc,0.654519,0.036145,5,"top 34 selected inside each training fold; not permuted, budget; coh, 5 bands (paper 3.3), EC, 19 ch, interpolated missing"
xgb,in_fold,sections,subject,auc,0.722509,0.024108,5,"top 34 selected inside each training fold; not permuted, budget; coh, 5 bands (paper 3.3), EC, 19 ch, interpolated missing"
logreg,in_fold,long,subject,bal_acc,0.643695,0.021049,5,"top 34 selected inside each training fold; not permuted, budget; coh, 5 bands (paper 3.3), EC, 19 ch, interpolated missing"
logreg,in_fold,long,subject,auc,0.686364,0.034174,5,"top 34 selected inside each training fold; not permuted, budget; coh, 5 bands (paper 3.3), EC, 19 ch, interpolated missing"
rf,in_fold,long,subject,bal_acc,0.647056,0.022711,5,"top 34 selected inside each training fold; not permuted, budget; coh, 5 bands (paper 3.3), EC, 19 ch, interpolated missing"
rf,in_fold,long,subject,auc,0.715868,0.013571,5,"top 34 selected inside each training fold; not permuted, budget; coh, 5 bands (paper 3.3), EC, 19 ch, interpolated missing"
svm_rbf,in_fold,long,subject,bal_acc,0.642161,0.038868,5,"top 34 selected inside each training fold; not permuted, budget; coh, 5 bands (paper 3.3), EC, 19 ch, interpolated missing"
svm_rbf,in_fold,long,subject,auc,0.705694,0.032068,5,"top 34 selected inside each training fold; not permuted, budget; coh, 5 bands (paper 3.3), EC, 19 ch, interpolated missing"
mlp,in_fold,long,subject,bal_acc,0.617729,0.017811,5,"top 34 selected inside each training fold; not permuted, budget; coh, 5 bands (paper 3.3), EC, 19 ch, interpolated missing"
mlp,in_fold,long,subject,auc,0.653214,0.025487,5,"top 34 selected inside each training fold; not permuted, budget; coh, 5 bands (paper 3.3), EC, 19 ch, interpolated missing"
xgb,in_fold,long,subject,bal_acc,0.651369,0.026536,5,"top 34 selected inside each training fold; not permuted, budget; coh, 5 bands (paper 3.3), EC, 19 ch, interpolated missing"
xgb,in_fold,long,subject,auc,0.706053,0.033739,5,"top 34 selected inside each training fold; not permuted, budget; coh, 5 bands (paper 3.3), EC, 19 ch, interpolated missing"
logreg,pooled,sections,section,bal_acc,0.67936,0.011283,5,"selection on all subjects before CV: leaks test labels (mirrors paper); coh, 5 bands (paper 3.3), EC, 19 ch, interpolated missing"
logreg,pooled,sections,section,auc,0.734144,0.015167,5,"selection on all subjects before CV: leaks test labels (mirrors paper); coh, 5 bands (paper 3.3), EC, 19 ch, interpolated missing"
logreg,pooled,sections,subject,bal_acc,0.694112,0.021668,5,"selection on all subjects before CV: leaks test labels (mirrors paper); coh, 5 bands (paper 3.3), EC, 19 ch, interpolated missing"
logreg,pooled,sections,subject,auc,0.749769,0.014549,5,"selection on all subjects before CV: leaks test labels (mirrors paper); coh, 5 bands (paper 3.3), EC, 19 ch, interpolated missing"
rf,pooled,sections,section,bal_acc,0.686418,0.008532,5,"selection on all subjects before CV: leaks test labels (mirrors paper); coh, 5 bands (paper 3.3), EC, 19 ch, interpolated missing"
rf,pooled,sections,section,auc,0.769881,0.010198,5,"selection on all subjects before CV: leaks test labels (mirrors paper); coh, 5 bands (paper 3.3), EC, 19 ch, interpolated missing"
rf,pooled,sections,subject,bal_acc,0.716369,0.009089,5,"selection on all subjects before CV: leaks test labels (mirrors paper); coh, 5 bands (paper 3.3), EC, 19 ch, interpolated missing"
rf,pooled,sections,subject,auc,0.794119,0.018095,5,"selection on all subjects before CV: leaks test labels (mirrors paper); coh, 5 bands (paper 3.3), EC, 19 ch, interpolated missing"
svm_rbf,pooled,sections,section,bal_acc,0.703105,0.007445,5,"selection on all subjects before CV: leaks test labels (mirrors paper); coh, 5 bands (paper 3.3), EC, 19 ch, interpolated missing"
svm_rbf,pooled,sections,section,auc,0.771016,0.01288,5,"selection on all subjects before CV: leaks test labels (mirrors paper); coh, 5 bands (paper 3.3), EC, 19 ch, interpolated missing"
svm_rbf,pooled,sections,subject,bal_acc,0.734528,0.015039,5,"selection on all subjects before CV: leaks test labels (mirrors paper); coh, 5 bands (paper 3.3), EC, 19 ch, interpolated missing"
svm_rbf,pooled,sections,subject,auc,0.795066,0.019307,5,"selection on all subjects before CV: leaks test labels (mirrors paper); coh, 5 bands (paper 3.3), EC, 19 ch, interpolated missing"
mlp,pooled,sections,section,bal_acc,0.68787,0.010264,5,"selection on all subjects before CV: leaks test labels (mirrors paper); coh, 5 bands (paper 3.3), EC, 19 ch, interpolated missing"
mlp,pooled,sections,section,auc,0.740052,0.013839,5,"selection on all subjects before CV: leaks test labels (mirrors paper); coh, 5 bands (paper 3.3), EC, 19 ch, interpolated missing"
mlp,pooled,sections,subject,bal_acc,0.704267,0.017951,5,"selection on all subjects before CV: leaks test labels (mirrors paper); coh, 5 bands (paper 3.3), EC, 19 ch, interpolated missing"
mlp,pooled,sections,subject,auc,0.76209,0.018178,5,"selection on all subjects before CV: leaks test labels (mirrors paper); coh, 5 bands (paper 3.3), EC, 19 ch, interpolated missing"
xgb,pooled,sections,section,bal_acc,0.678653,0.009341,5,"selection on all subjects before CV: leaks test labels (mirrors paper); coh, 5 bands (paper 3.3), EC, 19 ch, interpolated missing"
xgb,pooled,sections,section,auc,0.739166,0.007729,5,"selection on all subjects before CV: leaks test labels (mirrors paper); coh, 5 bands (paper 3.3), EC, 19 ch, interpolated missing"
xgb,pooled,sections,subject,bal_acc,0.699139,0.011702,5,"selection on all subjects before CV: leaks test labels (mirrors paper); coh, 5 bands (paper 3.3), EC, 19 ch, interpolated missing"
xgb,pooled,sections,subject,auc,0.763425,0.007009,5,"selection on all subjects before CV: leaks test labels (mirrors paper); coh, 5 bands (paper 3.3), EC, 19 ch, interpolated missing"
logreg,pooled,long,subject,bal_acc,0.702184,0.027559,5,"selection on all subjects before CV: leaks test labels (mirrors paper); coh, 5 bands (paper 3.3), EC, 19 ch, interpolated missing"
logreg,pooled,long,subject,auc,0.739032,0.017915,5,"selection on all subjects before CV: leaks test labels (mirrors paper); coh, 5 bands (paper 3.3), EC, 19 ch, interpolated missing"
rf,pooled,long,subject,bal_acc,0.696616,0.010311,5,"selection on all subjects before CV: leaks test labels (mirrors paper); coh, 5 bands (paper 3.3), EC, 19 ch, interpolated missing"
rf,pooled,long,subject,auc,0.778059,0.013326,5,"selection on all subjects before CV: leaks test labels (mirrors paper); coh, 5 bands (paper 3.3), EC, 19 ch, interpolated missing"
svm_rbf,pooled,long,subject,bal_acc,0.710522,0.008166,5,"selection on all subjects before CV: leaks test labels (mirrors paper); coh, 5 bands (paper 3.3), EC, 19 ch, interpolated missing"
svm_rbf,pooled,long,subject,auc,0.787102,0.012725,5,"selection on all subjects before CV: leaks test labels (mirrors paper); coh, 5 bands (paper 3.3), EC, 19 ch, interpolated missing"
mlp,pooled,long,subject,bal_acc,0.697367,0.016437,5,"selection on all subjects before CV: leaks test labels (mirrors paper); coh, 5 bands (paper 3.3), EC, 19 ch, interpolated missing"
mlp,pooled,long,subject,auc,0.750181,0.01597,5,"selection on all subjects before CV: leaks test labels (mirrors paper); coh, 5 bands (paper 3.3), EC, 19 ch, interpolated missing"
xgb,pooled,long,subject,bal_acc,0.679524,0.012508,5,"selection on all subjects before CV: leaks test labels (mirrors paper); coh, 5 bands (paper 3.3), EC, 19 ch, interpolated missing"
xgb,pooled,long,subject,auc,0.753512,0.00842,5,"selection on all subjects before CV: leaks test labels (mirrors paper); coh, 5 bands (paper 3.3), EC, 19 ch, interpolated missing"
svm_rbf,pooled,sections,subject,p_value,0.019608,,1,"50 subject-level label permutations, pooled selection recomputed each time (50 trials); real AUC 0.821 on 1 seed; reduced: permutations 100 -> 50"
