step,seconds,started_utc,status,notes
0_summary,0.1,2026-09-26T07:44:11Z,ok,
1_baselines,271.2,2026-09-26T07:44:26Z,ok,"logreg, rf on 855; sections"
2_in_fold,1663.3,2026-09-26T07:48:59Z,ok,"5 seeds x 10 folds, 50 trials, models ['logreg', 'rf', 'svm_rbf', 'mlp', 'xgb']"
3_pooled,235.2,2026-09-26T08:16:45Z,ok,"one selection on all subjects, 50 trials"
4_permutation,1583.8,2026-09-26T08:20:42Z,ok,"svm_rbf/sections, n=50, 32.5 s per permutation; reduced: permutations 100 -> 50"
5_table,0.0,2026-09-26T08:47:19Z,ok,
6.1_age_clusters,2076.3,2026-09-26T08:48:59Z,ok,xgb/sections in_fold
6.2_residualised,1389.9,2026-09-26T09:23:37Z,ok,"xgb/sections in_fold, age regressed out of 855 per fold"
6.3_stability,0.0,2026-09-26T09:46:49Z,ok,
6.4_aggregation,0.0,2026-09-26T09:46:51Z,ok,
6.5_sectioning,1676.3,2026-09-26T09:46:53Z,ok,"xgb/sections in_fold, seeds 3 (reduced 5 -> 3: two ablations projected > 45 min)"
6.6_interp_sensitivity,45.7,2026-09-26T10:17:00Z,ok,"logreg on 855, 131 subjects without interpolated channels"
